rank	public_name	internal_key	sequence_sha256	length	evidence_tier	evidence_label	conservative_pH_proxy_kcal	human_passing_models	mouse_passing_models	local_CDR3_max_edit_identity	official_novelty_status	CDR1	CDR2	CDR3	glycan_unweighted_overlap_fraction	experimental_status
1	001_SilentLigand_Onyx	stage6:J00008	232fe341a930942fef5cf50efe53e962c7a35efa20fe789cd256e6032cc06d17	125	0	Expanded protonation scope and human/mouse all-atom geometry	0.806516	1	1	0.444444	PENDING_ADAPTYV	GSQSGTYDEGQ	GEDDNQQSNYEEYKG	GGYGGEEQEFTGSGQGQY	0.166667	UNVERIFIED: human acid binding, neutral nondetection, mouse binding, affinity, expression/folding
2	002_Stereosecret_Cipher	stage6:J00014	9c9227dbbdfb034c197a7660ed3303a95fa43a62ce43b85a91169ab6917eded5	125	0	Expanded protonation scope and human/mouse all-atom geometry	0.805922	1	1	0.444444	PENDING_ADAPTYV	GSQSGTYDEGQ	GENENQQSNYEEYKG	GGYGGEEQEFTGSGQGQY	0.166667	UNVERIFIED: human acid binding, neutral nondetection, mouse binding, affinity, expression/folding
3	003_CatalyticCaper_Cinder	stage6:J00002	0be8f03be6b3ccb21d0a4712632ed52bea42b9343e72bda06e3c711acafda3d1	125	0	Expanded protonation scope and human/mouse all-atom geometry	0.715557	1	1	0.444444	PENDING_ADAPTYV	GSQSGTYDEGQ	GEDDNQQSNYEEYKG	GGYGGEYQEFTGSGQGQY	0.277778	UNVERIFIED: human acid binding, neutral nondetection, mouse binding, affinity, expression/folding
4	004_ChiralCipher_Cipher	stage6:J00009	9ea673ae72c1b95ba3ac3b1cba61c8e0d8220b06526625bf7cd44983ceef025a	125	0	Expanded protonation scope and human/mouse all-atom geometry	0.762799	1	1	0.444444	PENDING_ADAPTYV	GSQSGTYDEGQ	GEEDNQQSNYEEYKG	GGYGGEEQEFTGSGQGQY	0.166667	UNVERIFIED: human acid binding, neutral nondetection, mouse binding, affinity, expression/folding
5	005_PolypeptidePlot_Cinder	stage6:J00005	04b99f6f7367a121bd7308878e2f7232e48e97c2992215c49995ec64f5587635	125	0	Expanded protonation scope and human/mouse all-atom geometry	0.752924	1	1	0.444444	PENDING_ADAPTYV	GSQSGTYDEGQ	GENDNQQSNYEEYKG	GGYGGEEQEFTGSGQGQY	0.166667	UNVERIFIED: human acid binding, neutral nondetection, mouse binding, affinity, expression/folding
6	006_BondVoyage_Nightfall	stage5:H00021	59ccce2bee9ef2cd583c7de3912a5ea782c1e1fe055ef46e8636e74f46b69855	125	0	Expanded protonation scope and human/mouse all-atom geometry	0.640885	3	2	0.444444	PENDING_ADAPTYV	GSQSGTYDEGQ	GNNENQQSNYEEYKG	GGYGGQEQEFTGSGQGQY	0.222222	UNVERIFIED: human acid binding, neutral nondetection, mouse binding, affinity, expression/folding
7	007_IsoelectricAlias_Nightfall	stage6:J00010	f252cc476db71024cf0bd388d38b4ae9362c5ba6c3e5f2454503af5108743b7b	125	0	Expanded protonation scope and human/mouse all-atom geometry	0.740205	1	1	0.444444	PENDING_ADAPTYV	GSQSGTYDEGQ	GDNDNQQSNYEEYKG	GGYGGEEQEFTGSGQGQY	0.166667	UNVERIFIED: human acid binding, neutral nondetection, mouse binding, affinity, expression/folding
8	008_MotifMisdirect_Cinder	stage6:J00006	fb2a394930119126491104c9a7cd7c7551be2e5b8d01ebbfb3b11d703485533c	125	0	Expanded protonation scope and human/mouse all-atom geometry	0.725991	1	1	0.444444	PENDING_ADAPTYV	GSQSGTYDEGQ	GNDDNQQSNYEEYKG	GGYGGEEQEFTGSGQGQY	0.166667	UNVERIFIED: human acid binding, neutral nondetection, mouse binding, affinity, expression/folding
9	009_IsoelectricAlias_Cipher	stage6:J00001	3c2d55f1a943e9fc245e0a9d9ca6fa0f8bca3fb725bb4d19262d48675a407968	125	0	Expanded protonation scope and human/mouse all-atom geometry	0.610073	1	1	0.444444	PENDING_ADAPTYV	GSQSGTYDEGQ	GENDNQQSNYEEYKG	GGYGGEYQEFTGSGQGQY	0.277778	UNVERIFIED: human acid binding, neutral nondetection, mouse binding, affinity, expression/folding
10	010_SilentLigand_Cinder	stage5:N2070600	aafd8602cc3d664cfb064c9ac4c1f7b12540f4fe0e73c1e48da318a003098d5c	121	0	Expanded protonation scope and human/mouse all-atom geometry	0.601286	1	1	0.444444	PENDING_ADAPTYV	GSQSGTYDEGQ	GNNDNNNFYNQ	GGYGGEYQEFTGSGQGQY	0.166667	UNVERIFIED: human acid binding, neutral nondetection, mouse binding, affinity, expression/folding
11	011_IsoelectricAlias_Velvet	stage5:B00000	16890e3d73a0ae228f68f37cda7e81c442c9264415aa22c5d6f4bacc2a5740b7	125	0	Expanded protonation scope and human/mouse all-atom geometry	0.595378	3	3	0.444444	PENDING_ADAPTYV	GSQSGTYDEGQ	GNNDNQQSNYEEYKG	GGYGGEYQEFTGSGQGQY	0.333333	UNVERIFIED: human acid binding, neutral nondetection, mouse binding, affinity, expression/folding
12	012_PeptidePhantom_Nightfall	stage4:S00048	fe680c612e25f23e1831df1ed73d6cef65e2b503b00f5cd616c7f00cbac03dcf	125	1	Human/mouse all-atom geometry; His-only pH model	0.839073	1	1	0.444444	PENDING_ADAPTYV	GSQSGTYDEAQ	AENDNQQSNYEEYKG	GGYGGEYQEFTGSAQGQY	0.333333	UNVERIFIED: human acid binding, neutral nondetection, mouse binding, affinity, expression/folding
13	013_SilentLigand_Velvet	stage5:H00018	f5c5c7ec3d5582abf7d37ab1b1ec060e1ae854a1ae58c7f074b3f4d687101bb6	125	1	Human/mouse all-atom geometry; His-only pH model	0.829008	1	1	0.500000	PENDING_ADAPTYV	GSQSGTYDEGQ	GNNDNQQSNYEEYKG	GGYGGEYQDFTGSGQGQY	0.333333	UNVERIFIED: human acid binding, neutral nondetection, mouse binding, affinity, expression/folding
14	014_MolarMirage_Cinder	stage6:J00020	dd2f67f489345292a71caeb258792a073d6c748b0fd4e0959895bc38ebaff70c	125	1	Human/mouse all-atom geometry; His-only pH model	0.850393	1	1	0.444444	PENDING_ADAPTYV	GSQSGTYDEGQ	GDEDNQQSNYEEYKG	GGYGGQEQEFTGSGQGQY	0.166667	UNVERIFIED: human acid binding, neutral nondetection, mouse binding, affinity, expression/folding
15	015_MolarMirage_Velvet	stage6:J00015	67c716f413924cea045c0661d5540096118414437e290f49c1a82eb27a10649a	125	1	Human/mouse all-atom geometry; His-only pH model	0.840696	1	1	0.444444	PENDING_ADAPTYV	GSQSGTYDEGQ	GENENQQSNYEEYKG	GGYGGQEQEFTGSGQGQY	0.166667	UNVERIFIED: human acid binding, neutral nondetection, mouse binding, affinity, expression/folding
16	016_EnzymeEnigma_Onyx	stage6:J00013	a61982e29fc197dbc799fe91628fbbe4a1d9b436494b06abdabc3d78412309c1	125	1	Human/mouse all-atom geometry; His-only pH model	0.837733	1	1	0.444444	PENDING_ADAPTYV	GSQSGTYDEGQ	GEDDNQQSNYEEYKG	GGYGGQEQEFTGSGQGQY	0.166667	UNVERIFIED: human acid binding, neutral nondetection, mouse binding, affinity, expression/folding
17	017_Covertase_Velvet	stage4:S00022	04a2ab19ae48718d7b16fffc5d850b2e57b828487cb664f91e331e8d59dccd0a	125	1	Human/mouse all-atom geometry; His-only pH model	0.790852	2	1	0.444444	PENDING_ADAPTYV	GSQSGTYDEGQ	GNNDPQQSPYEEYKG	GGYGGEYQEFTGSGQGQY	0.333333	UNVERIFIED: human acid binding, neutral nondetection, mouse binding, affinity, expression/folding
18	018_AmideAlibi_Nightfall	stage5:T3080600	386f46ab82e893f8a6dca97d8cea5e910bc7b987d4d5b1574cc70e62278849b4	125	1	Human/mouse all-atom geometry; His-only pH model	0.663196	1	1	0.444444	PENDING_ADAPTYV	GSQSGTYDEGQ	GNNDNQQSNYEEYKG	GGYGGEYQEFQYNPPQFY	0.333333	UNVERIFIED: human acid binding, neutral nondetection, mouse binding, affinity, expression/folding
19	019_MolarMirage_Cipher	stage5:T3070900	368b74de437cc9fa5622a8fbdd3a0b4a56dad330d89bf45605f983aac1c5381f	124	1	Human/mouse all-atom geometry; His-only pH model	0.648325	1	1	0.470588	PENDING_ADAPTYV	GSQSGTYDEGQ	GNNDNQQSNYEEYKG	GGYGGEYQEFLGYVGFL	0.333333	UNVERIFIED: human acid binding, neutral nondetection, mouse binding, affinity, expression/folding
20	020_CatalyticCaper_Cipher	stage6:J00019	e16d147e71d7d679f652c22179d57ef50ee403e08ac7d71c523464177f054e64	125	1	Human/mouse all-atom geometry; His-only pH model	0.745027	1	1	0.444444	PENDING_ADAPTYV	GSQSGTYDEGQ	GEEENQQSNYEEYKG	GGYGGQEQEFTGSGQGQY	0.166667	UNVERIFIED: human acid binding, neutral nondetection, mouse binding, affinity, expression/folding
21	021_CovalentCover_Cinder	stage5:H00007	f331cff5c8c151c30dff0e701802ced5bcfdbe48f89a0f8ee94a38dfeb22967d	125	1	Human/mouse all-atom geometry; His-only pH model	0.644550	1	1	0.444444	PENDING_ADAPTYV	GSQSGTYDEGQ	GENENQQSNYEEYKG	GGYGGQYQEFTGSGQGQY	0.333333	UNVERIFIED: human acid binding, neutral nondetection, mouse binding, affinity, expression/folding
22	022_EnzymeEnigma_Cinder	stage6:J00011	19d90c9c7e2f6e67e2f1a7d3af903412ed73ff69d6adefa2535a901d2a939da0	125	1	Human/mouse all-atom geometry; His-only pH model	0.731498	1	1	0.444444	PENDING_ADAPTYV	GSQSGTYDEGQ	GENDNQQSNYEEYKG	GGYGGQEQEFTGSGQGQY	0.166667	UNVERIFIED: human acid binding, neutral nondetection, mouse binding, affinity, expression/folding
23	023_AmideAlibi_Cipher	stage5:H00016	6c375d90cf36feb8e68c7fbbdba6244c10b95786b9895f3595f47e158dcb8e0a	125	1	Human/mouse all-atom geometry; His-only pH model	0.589251	1	1	0.444444	PENDING_ADAPTYV	GSQSGTYDEGQ	GNNENQQSNYEEYKG	GGYGGQYEEFTGSGQGQY	0.333333	UNVERIFIED: human acid binding, neutral nondetection, mouse binding, affinity, expression/folding
24	024_IonCurtain_Nightfall	stage5:N2070802	8c6b3716442415be21de27a31eadee294729b936acd9386dbf649b858addda66	121	1	Human/mouse all-atom geometry; His-only pH model	0.652224	1	1	0.444444	PENDING_ADAPTYV	GSQSGTYDEGQ	GNNDNQLNQFF	GGYGGEYQEFTGSGQGQY	0.111111	UNVERIFIED: human acid binding, neutral nondetection, mouse binding, affinity, expression/folding
25	025_MotifMisdirect_Velvet	stage6:K00007	08f22e16b940a8b8300f088b49171bc8f8cf4ada9b0e4a7e435760d22fbd143d	125	1	Human/mouse all-atom geometry; His-only pH model	0.305257	1	1	0.444444	PENDING_ADAPTYV	NKDYSGEQGGN	TNDYQGYQYSGDYKG	GYFGGEYRKDEGEGEGQY	0.111111	UNVERIFIED: human acid binding, neutral nondetection, mouse binding, affinity, expression/folding
26	026_IonCurtain_Cipher	stage4:S00062	119dfe43d9cdf8d37e22b7dbfcfe7268e011fd871113f3b501649c17a612038a	125	2	Human all-atom pH/geometry; mouse geometric prefilter only	0.492754	1	0	0.444444	PENDING_ADAPTYV	GSQSGTYDEGQ	GNNDNQQSNYEEYKG	GGYGGEYQEHTGSGQGQY	0.333333	UNVERIFIED: human acid binding, neutral nondetection, mouse binding, affinity, expression/folding
27	027_CatalyticCaper_Nightfall	stage5:N3060700	a741ff4080f01323a25f53084fd39ed8980dab081e014251463f3ed46c968a72	119	2	Human all-atom pH/geometry; mouse geometric prefilter only	0.250153	1	0	0.538462	PENDING_ADAPTYV	GSQSGTYDEGQ	GNNDNQQSNYEEYKG	GGYGGEPTNSQY	0.222222	UNVERIFIED: human acid binding, neutral nondetection, mouse binding, affinity, expression/folding
28	028_Stereosecret_Nightfall	stage5:R3060700	d95f9920fde6d5fc3fa7ad452a9f8ff6e9eca8c533f5173c47a2f953e9233b8a	119	2	Human all-atom pH/geometry; mouse geometric prefilter only	0.088573	1	0	0.428571	PENDING_ADAPTYV	GSQSGTYDEGQ	GNNDNQQSNYEEYKG	GGYGGEKPKEKK	0.222222	UNVERIFIED: human acid binding, neutral nondetection, mouse binding, affinity, expression/folding
29	029_MolarMirage_Onyx	stage3:G00181_C05	00f24551febce1899242a0b478329d9905f3b20d287dfb8a5cd5cc45b797667f	125	3	Exploratory reserve: coarse pH model and initial geometry only	1.192708	0	0	0.500000	PENDING_ADAPTYV	NTRYTGYEGGN	TNDYQGYQYSGDYKG	GYFGGEYRKDEGEGEGDY	0.111111	UNVERIFIED: human acid binding, neutral nondetection, mouse binding, affinity, expression/folding
30	030_PolypeptidePlot_Cipher	stage3:G00161_R03	c9c54ef6a2c0fe7db72aff782f8cd5cb02ccfc8e0d2c32d6ef6c6c2f88d54cb4	123	3	Exploratory reserve: coarse pH model and initial geometry only	1.123352	0	0	0.500000	PENDING_ADAPTYV	FVYQYGYEEIG	GDKEEGRSGYYEGKG	TGGNNGWDTYSEFYNN	0.000000	UNVERIFIED: human acid binding, neutral nondetection, mouse binding, affinity, expression/folding
31	031_AmideAlibi_Velvet	stage3:G00067_C00	5961b6df36f05273791e1a29c895556d05060e5b558cf9ac3238adc62bbe8f24	125	3	Exploratory reserve: coarse pH model and initial geometry only	1.114093	0	0	0.444444	PENDING_ADAPTYV	KTEYEGDLYRN	GDTEQYQSDNYEYDK	TTGERGGGREFEGGDGRK	0.111111	UNVERIFIED: human acid binding, neutral nondetection, mouse binding, affinity, expression/folding
32	032_FoldAndDagger_Velvet	stage3:G00161_R07	216b81528c735df452476f3a3dead3bf19903d486d88cebbafe1e8c2be408a9a	123	3	Exploratory reserve: coarse pH model and initial geometry only	1.115547	0	0	0.470588	PENDING_ADAPTYV	NVYYTGEQEIG	GTYETGREGEKYGKG	TGGWNGIDTYSDFKNQ	0.000000	UNVERIFIED: human acid binding, neutral nondetection, mouse binding, affinity, expression/folding
33	033_KineticCloak_Velvet	stage3:G00277_C03	ef5367a5b690d44e1097328122308e432c11eed52d6829b3ee903b36b03fe45e	127	3	Exploratory reserve: coarse pH model and initial geometry only	1.054676	0	0	0.500000	PENDING_ADAPTYV	GGQYGQDYTYGYE	GFQFTDQGQSGQERD	GGYGGNEKFYEGYGDGQY	0.055556	UNVERIFIED: human acid binding, neutral nondetection, mouse binding, affinity, expression/folding
34	034_IonCurtain_Onyx	stage3:G00161_R01	c3e45596457c61e971a927368688727a8db095224f0b74796e344a16f013edfd	123	3	Exploratory reserve: coarse pH model and initial geometry only	1.062937	0	0	0.437500	PENDING_ADAPTYV	NDRYTGDTYRG	GDDEYGRSGYDYGKG	TGGWNGIYEENYEKNQ	0.000000	UNVERIFIED: human acid binding, neutral nondetection, mouse binding, affinity, expression/folding
35	035_HelixHush_Cinder	stage3:G00161_R02	bfc74acf067648ba03a2cf0a46339fe6640f748352815436e13a23e29ae97fe8	123	3	Exploratory reserve: coarse pH model and initial geometry only	1.055983	0	0	0.437500	PENDING_ADAPTYV	FTQYYGDTYEG	GDYEYGREGYKEGKG	TGGWNGWYTESDEKNQ	0.000000	UNVERIFIED: human acid binding, neutral nondetection, mouse binding, affinity, expression/folding
36	036_AmideAlibi_Onyx	stage3:G00277_C01	357d4a8c3f4b20d6cacba17a1ad303c3e9272ba3b1bfe9c74d1f6807376f3719	127	3	Exploratory reserve: coarse pH model and initial geometry only	1.035470	0	0	0.444444	PENDING_ADAPTYV	GGTYGEKYYEGYE	GQQYLDTGTTGQERD	GGTGGNYKWYTGDGDNEW	0.000000	UNVERIFIED: human acid binding, neutral nondetection, mouse binding, affinity, expression/folding
37	037_BondVoyage_Velvet	stage3:G00047_R06	479feeac3cb4d3999cee23e6c7e23c95c00a5dcb324e91dd3d2e391f706c21c1	121	3	Exploratory reserve: coarse pH model and initial geometry only	1.016407	0	0	0.500000	PENDING_ADAPTYV	FTQYYGEERRN	QDEGYRDYYDQGRDD	TGVKDQGSDGLGGQ	0.111111	UNVERIFIED: human acid binding, neutral nondetection, mouse binding, affinity, expression/folding
38	038_BondVoyage_Cipher	stage3:G00067_R00	e083b4b9c4984e67b53227c2332142d442a88c364efb3ec5e20b5faa91adfc4b	125	3	Exploratory reserve: coarse pH model and initial geometry only	1.022812	0	0	0.444444	PENDING_ADAPTYV	NTEYTGELYEN	GYDRQKETDNYKEDK	TTGSFAGGTQFEGGDGRY	0.111111	UNVERIFIED: human acid binding, neutral nondetection, mouse binding, affinity, expression/folding
39	039_PeptidePhantom_Velvet	stage3:G00277_C05	b209167d5097e598e99d5380096081b86b6db73693a2ad3a4d3eeed89805ec50	127	3	Exploratory reserve: coarse pH model and initial geometry only	1.016455	0	0	0.500000	PENDING_ADAPTYV	GGNYGQDYYQGYE	GQQYLDTGTTGQERD	GGTGGNYRYYEGYGDNEW	0.000000	UNVERIFIED: human acid binding, neutral nondetection, mouse binding, affinity, expression/folding
40	040_CovalentCover_Cipher	stage3:G00161_C00	b7e03de0eb859768b34e9d8004e775f9c8b73ad5cdfc6706d9107560d551e1ec	123	3	Exploratory reserve: coarse pH model and initial geometry only	1.028060	0	0	0.470588	PENDING_ADAPTYV	NDRYTGDTYIG	GDYETGYEGYKEGKG	TGGWNGIDTYSDNYNQ	0.000000	UNVERIFIED: human acid binding, neutral nondetection, mouse binding, affinity, expression/folding
41	041_FoldAndDagger_Cipher	stage3:G00161_C01	a7704a394d5401ea2e11297f92e9d4ec9500998556e698f8bb157233bce6f671	123	3	Exploratory reserve: coarse pH model and initial geometry only	1.015486	0	0	0.450000	PENDING_ADAPTYV	NTRYTGYTDIG	GTYETGYSGYYEGKG	TGGQNGWYELQYEWND	0.000000	UNVERIFIED: human acid binding, neutral nondetection, mouse binding, affinity, expression/folding
42	042_FoldAndDagger_Onyx	stage3:G00168_C00	ad6d71736ab9b944cf35fd07418d9c0768a09d5b10d650374060ffddee9b05c0	123	3	Exploratory reserve: coarse pH model and initial geometry only	0.955866	0	0	0.500000	PENDING_ADAPTYV	GSQEGTDQYGK	NQDSGYQDSSEQQ	GGEGGGYKYNNGEGYQQE	0.388889	UNVERIFIED: human acid binding, neutral nondetection, mouse binding, affinity, expression/folding
43	043_KineticCloak_Cipher	stage3:G00277_C02	4001dc5df193217ff7831dbf08208c08c3c4963976167a56bf224b533da275f7	127	3	Exploratory reserve: coarse pH model and initial geometry only	0.985538	0	0	0.444444	PENDING_ADAPTYV	GGQYGEKYQEGYE	GDQYTQTGYQGQEDK	GGTGGNYRRYEGEGDNEK	0.111111	UNVERIFIED: human acid binding, neutral nondetection, mouse binding, affinity, expression/folding
44	044_ChiralCipher_Onyx	stage3:C00022	967a7f88ecddee74f011e30a82a11609c771326958b4b83b84924a2152ecb259	125	3	Exploratory reserve: coarse pH model and initial geometry only	1.211319	0	0	0.444444	PENDING_ADAPTYV	GSQSGTYDEGQ	GENDNQQSNYEEYKG	GGYGGEYNEFTGSGQGQY	0.277778	UNVERIFIED: human acid binding, neutral nondetection, mouse binding, affinity, expression/folding
45	045_IonCurtain_Velvet	stage5:H00015	10c603daeaf0d3f468bb5bd0239b019a57f411c9eff779abce4db5eddab27186	125	3	Exploratory reserve: coarse pH model and initial geometry only	1.209271	0	0	0.444444	PENDING_ADAPTYV	GSQSGTYDEGQ	GNNENQQSNYEEYKG	GGYGGEYEEFTGSGQGQY	0.333333	UNVERIFIED: human acid binding, neutral nondetection, mouse binding, affinity, expression/folding
46	046_HelixHush_Onyx	stage4:S00056	aa6b54c983b12a33195f5629002b9dbce6e7678b5645042d3c555626ebb66528	125	3	Exploratory reserve: coarse pH model and initial geometry only	1.209123	0	0	0.450000	PENDING_ADAPTYV	GSQSGTYDEGQ	AENDNQQSNYEEYKG	GAYGAEYQEFTGSAQGQY	0.333333	UNVERIFIED: human acid binding, neutral nondetection, mouse binding, affinity, expression/folding
47	047_EnzymeEnigma_Velvet	stage3:G00067_R02	25bf7285c0355a581e33f7c0e8fb39087cd64bafb2c91b410935acc78559f343	125	3	Exploratory reserve: coarse pH model and initial geometry only	0.933577	0	0	0.444444	PENDING_ADAPTYV	FTEYYGYLYEN	GYTRDKYDDRDLSDK	TTGEFAGGTEFQGGDGRQ	0.111111	UNVERIFIED: human acid binding, neutral nondetection, mouse binding, affinity, expression/folding
48	048_CovalentCover_Nightfall	stage3:G00047_R01	976bead569c7faa48e547aaa80b9a1cf512079072850ec02fedb091b7a3343f8	121	3	Exploratory reserve: coarse pH model and initial geometry only	0.923046	0	0	0.500000	PENDING_ADAPTYV	NTYYDGYTDDN	NYNGRDNYYKSGTDE	TGVKDQGDDGRGGQ	0.055556	UNVERIFIED: human acid binding, neutral nondetection, mouse binding, affinity, expression/folding
49	049_Stereosecret_Cinder	stage4:S00046	dade577e9aff89b0de56d772610d5ca785f0774e739c55d52b967002fb188681	125	3	Exploratory reserve: coarse pH model and initial geometry only	1.209123	0	0	0.444444	PENDING_ADAPTYV	GSQSGTYDEGQ	GENDNQQSNYEEYKG	GGYGGEYQEFTGSGQAQY	0.333333	UNVERIFIED: human acid binding, neutral nondetection, mouse binding, affinity, expression/folding
50	050_BufferBandit_Velvet	stage4:S00044	c4b86fea649888e4b3f41eabd2919356ec533561508429367bba2ac11e9ab6df	125	3	Exploratory reserve: coarse pH model and initial geometry only	1.209123	0	0	0.444444	PENDING_ADAPTYV	GSQSGTYDEGQ	GENDNQQSNYEEYKG	GGYGAEYQEFTGSGQGQY	0.333333	UNVERIFIED: human acid binding, neutral nondetection, mouse binding, affinity, expression/folding
51	051_HelixHush_Nightfall	stage3:G00181_C03	1beac1032fe2ad420ae4f2f271e7e853f67b0700791fef38eb229a3caca1fa8f	125	3	Exploratory reserve: coarse pH model and initial geometry only	0.913161	0	0	0.444444	PENDING_ADAPTYV	FKDYYGETGGN	ENKDQGYQYSGDYKG	GEQGGEYREDTGEGYGQK	0.000000	UNVERIFIED: human acid binding, neutral nondetection, mouse binding, affinity, expression/folding
52	052_MolarMirage_Nightfall	stage4:S00043	d5a3b74a9159f5f4546a1c220d8c54c444dd2a247d62e2038433878af56636d0	125	3	Exploratory reserve: coarse pH model and initial geometry only	1.209123	0	0	0.500000	PENDING_ADAPTYV	GSQSGTYDEGQ	GENDNQQSNYEEYKG	GAYGGEYQEFTGSGQGQY	0.333333	UNVERIFIED: human acid binding, neutral nondetection, mouse binding, affinity, expression/folding
53	053_PeptidePhantom_Cipher	stage3:C00021	91e1cbd2074c0cc4d829d8531a8acfc7eaa2ef5103ccdf6de681502af6641d18	125	3	Exploratory reserve: coarse pH model and initial geometry only	1.205517	0	0	0.444444	PENDING_ADAPTYV	GSQSGTYDEGQ	GNNDNQQSNYEEYKG	GGYGGEYYEFTGSGQGQY	0.277778	UNVERIFIED: human acid binding, neutral nondetection, mouse binding, affinity, expression/folding
54	054_KineticCloak_Nightfall	stage3:C00006	647074bebce2f32fbd8c425c0f918ec8f53d026915aefeac9bd47d32705785ac	125	3	Exploratory reserve: coarse pH model and initial geometry only	1.205517	0	0	0.500000	PENDING_ADAPTYV	GSQSGTYDEGQ	GNNDNQQSNYEEYKG	GGYGGEYSEFTGSGQGQY	0.277778	UNVERIFIED: human acid binding, neutral nondetection, mouse binding, affinity, expression/folding
55	055_EnzymeEnigma_Nightfall	stage3:G00161_R00	623d27a63e869c28104465d188bc0d4b3e1a6e2823ceea70db418920b15227bc	123	3	Exploratory reserve: coarse pH model and initial geometry only	0.924238	0	0	0.500000	PENDING_ADAPTYV	NKEYTGDTYIG	GYDDYGREGEKTGYG	TGGWNGYDDYSQFYGQ	0.000000	UNVERIFIED: human acid binding, neutral nondetection, mouse binding, affinity, expression/folding
56	056_ChiralCipher_Cinder	stage5:H00010	6a76b69b08e4d4d08c8d14baa28dee493636e79e3586e9531cee22d39b7c0cd5	125	3	Exploratory reserve: coarse pH model and initial geometry only	1.205162	0	0	0.444444	PENDING_ADAPTYV	GSQSGTYDEGQ	GNNDNQQSNYEEYKG	GGYGGEDQEFTGSGQGQY	0.222222	UNVERIFIED: human acid binding, neutral nondetection, mouse binding, affinity, expression/folding
57	057_KineticCloak_Cinder	stage5:H00012	8b2a778def1d87658ec7c02feaf8f4b5fe228ab881398a7fe6107b391db61a4e	125	3	Exploratory reserve: coarse pH model and initial geometry only	1.204428	0	0	0.444444	PENDING_ADAPTYV	GSQSGTYDEGQ	GNNDNQQSNYEEYKG	GGYGGEYDEFTGSGQGQY	0.333333	UNVERIFIED: human acid binding, neutral nondetection, mouse binding, affinity, expression/folding
58	058_ResidueRuse_Onyx	stage3:C00004	6bcf9ed4535e5f4c468d9bbd5ac270adb667a47df32fcb48a092227ca24d6570	125	3	Exploratory reserve: coarse pH model and initial geometry only	1.201979	0	0	0.444444	PENDING_ADAPTYV	GSQSGTYDEGS	GNNDNQQSNYEEYKG	GGYGGEYKEFTGSGQGQY	0.277778	UNVERIFIED: human acid binding, neutral nondetection, mouse binding, affinity, expression/folding
59	059_CatalyticCaper_Velvet	stage3:G00067_R03	d2f2a464599ad86ad5984f100fe54a2b3f2e1801c8b689a9e7ebb89fb89c6591	125	3	Exploratory reserve: coarse pH model and initial geometry only	0.859751	0	0	0.444444	PENDING_ADAPTYV	FTEYYGYEYEN	GYRDQKETDNYEYDR	TAGDFAGGREFEGGTGRK	0.166667	UNVERIFIED: human acid binding, neutral nondetection, mouse binding, affinity, expression/folding
60	060_HelixHush_Cipher	stage3:G00117_C00	8353d030b5e38ca3d52fca75ae31a3b1097eba71a2b70159b5764792e992e117	125	3	Exploratory reserve: coarse pH model and initial geometry only	1.201267	0	0	0.444444	PENDING_ADAPTYV	GSNSGYYNEGQ	GNNDNQQYSYEEYKG	GGYGGEYKQFEGYGDNQY	0.166667	UNVERIFIED: human acid binding, neutral nondetection, mouse binding, affinity, expression/folding
61	061_PeptidePhantom_Cinder	stage5:T3081501	5861a0de2ed70128054bcf065053801d34160134df2882da21e30adbebf56e7a	125	3	Exploratory reserve: coarse pH model and initial geometry only	1.201026	0	0	0.444444	PENDING_ADAPTYV	GSQSGTYDEGQ	GNNDNQQSNYEEYKG	GGYGGEYQEFPALNSISF	0.333333	UNVERIFIED: human acid binding, neutral nondetection, mouse binding, affinity, expression/folding
62	062_CatalyticCaper_Onyx	stage5:T3081500	7af43861e73a185260cf4d03a2ab4268ce374ff943d6987c302e8b8994ef2fe3	125	3	Exploratory reserve: coarse pH model and initial geometry only	1.201026	0	0	0.444444	PENDING_ADAPTYV	GSQSGTYDEGQ	GNNDNQQSNYEEYKG	GGYGGEYQEFPALSFISF	0.333333	UNVERIFIED: human acid binding, neutral nondetection, mouse binding, affinity, expression/folding
63	063_CovalentCover_Velvet	stage5:T3081402	7c927b745ac423b34d0202c4c2e3ecf71f998311f8964e748bb1297fa7b91e39	125	3	Exploratory reserve: coarse pH model and initial geometry only	1.201026	0	0	0.444444	PENDING_ADAPTYV	GSQSGTYDEGQ	GNNDNQQSNYEEYKG	GGYGGEYQEFQTSASYPL	0.333333	UNVERIFIED: human acid binding, neutral nondetection, mouse binding, affinity, expression/folding
64	064_BufferBandit_Cipher	stage5:T3081401	234e36c06feb18d5a5e7007062953a02d2e7a0a2e2707a48cd43fb0da0e40160	125	3	Exploratory reserve: coarse pH model and initial geometry only	1.201026	0	0	0.388889	PENDING_ADAPTYV	GSQSGTYDEGQ	GNNDNQQSNYEEYKG	GGYGGEYQEFQQTAFYPL	0.333333	UNVERIFIED: human acid binding, neutral nondetection, mouse binding, affinity, expression/folding
65	065_IsoelectricAlias_Onyx	stage5:T3081400	bed959704c487a48a3e613487d94470ca4806043d5ace75b9cac3c68d379314c	125	3	Exploratory reserve: coarse pH model and initial geometry only	1.201026	0	0	0.444444	PENDING_ADAPTYV	GSQSGTYDEGQ	GNNDNQQSNYEEYKG	GGYGGEYQEFQQSANYPL	0.333333	UNVERIFIED: human acid binding, neutral nondetection, mouse binding, affinity, expression/folding
66	066_FoldAndDagger_Nightfall	stage5:T3081300	e34914204d1410cebfb234e64b6d29d10a2cf153d7adeb1be00a53129f89ffb6	125	3	Exploratory reserve: coarse pH model and initial geometry only	1.201026	0	0	0.444444	PENDING_ADAPTYV	GSQSGTYDEGQ	GNNDNQQSNYEEYKG	GGYGGEYQEFLAFAIQQF	0.333333	UNVERIFIED: human acid binding, neutral nondetection, mouse binding, affinity, expression/folding
67	067_MotifMisdirect_Onyx	stage5:T3081100	821b85de9aa022e66a4c4de236d95a0f1d3c259b46ac6a0997b2a4d67a3254dc	125	3	Exploratory reserve: coarse pH model and initial geometry only	1.201026	0	0	0.444444	PENDING_ADAPTYV	GSQSGTYDEGQ	GNNDNQQSNYEEYKG	GGYGGEYQEFFPIAFFQP	0.333333	UNVERIFIED: human acid binding, neutral nondetection, mouse binding, affinity, expression/folding
68	068_BondVoyage_Cinder	stage5:T3081002	28a10d961d666ae84eb4f541b431eb28cebf2a79c1ecf5650a93efe2d98f57ff	125	3	Exploratory reserve: coarse pH model and initial geometry only	1.201026	0	0	0.500000	PENDING_ADAPTYV	GSQSGTYDEGQ	GNNDNQQSNYEEYKG	GGYGGEYQEFLAFSFGFY	0.333333	UNVERIFIED: human acid binding, neutral nondetection, mouse binding, affinity, expression/folding
69	069_PeptidePhantom_Onyx	stage3:G00181_C04	c5f13f35966064fce7ffc0637f59a9b30085dabc3ee92561f342601b73319ddc	125	3	Exploratory reserve: coarse pH model and initial geometry only	0.764734	0	0	0.555556	PENDING_ADAPTYV	NTRYSGEQGGN	ENREQGYQYEGSYKG	GYTGGEYREYEGEGQGDY	0.111111	UNVERIFIED: human acid binding, neutral nondetection, mouse binding, affinity, expression/folding
70	070_PolypeptidePlot_Nightfall	stage5:T3081000	a42f78277854d02015afee74389d67e3cbfa206b0fb522b8d32ee6489a443219	125	3	Exploratory reserve: coarse pH model and initial geometry only	1.201026	0	0	0.500000	PENDING_ADAPTYV	GSQSGTYDEGQ	GNNDNQQSNYEEYKG	GGYGGEYQEFIAFSFGFY	0.333333	UNVERIFIED: human acid binding, neutral nondetection, mouse binding, affinity, expression/folding
71	071_BondVoyage_Onyx	stage5:T3080602	57e3132e6fd3fba056c9a22d95297c55818301322b145791dcbbb2bc4ec2632f	125	3	Exploratory reserve: coarse pH model and initial geometry only	1.201026	0	0	0.444444	PENDING_ADAPTYV	GSQSGTYDEGQ	GNNDNQQSNYEEYKG	GGYGGEYQEFQTNSLQFY	0.333333	UNVERIFIED: human acid binding, neutral nondetection, mouse binding, affinity, expression/folding
72	072_SilentLigand_Cipher	stage3:G00106_R04	a0d495e57cf8beef045e609a6da8e8297052a6cb8fa42663036534aebfdc0fc6	121	3	Exploratory reserve: coarse pH model and initial geometry only	0.718901	0	0	0.500000	PENDING_ADAPTYV	QTEESGETYIY	GGDERGYSGYYDGKG	EDNTQTYGYSFRRG	0.166667	UNVERIFIED: human acid binding, neutral nondetection, mouse binding, affinity, expression/folding
73	073_BufferBandit_Onyx	stage5:T3080501	7b3ed00bb5cbe0a25b07b16e708abf112e9eddc76466eec23fd7c90fd9c4fe55	125	3	Exploratory reserve: coarse pH model and initial geometry only	1.201026	0	0	0.450000	PENDING_ADAPTYV	GSQSGTYDEGQ	GNNDNQQSNYEEYKG	GGYGGEYQEFLSGGYAFF	0.333333	UNVERIFIED: human acid binding, neutral nondetection, mouse binding, affinity, expression/folding
74	074_ChiralCipher_Nightfall	stage5:T3080200	37b2d27c954aa66ec8e156a6828a33311106c3843941dc1a83258a6670f087bf	125	3	Exploratory reserve: coarse pH model and initial geometry only	1.201026	0	0	0.444444	PENDING_ADAPTYV	GSQSGTYDEGQ	GNNDNQQSNYEEYKG	GGYGGEYQEFPAGLAYQN	0.333333	UNVERIFIED: human acid binding, neutral nondetection, mouse binding, affinity, expression/folding
75	075_AmideAlibi_Cinder	stage5:T3080100	a4106f14f3ac4620bea2855410ba81633031bceef0b0901162a1d7c8f5545771	125	3	Exploratory reserve: coarse pH model and initial geometry only	1.201026	0	0	0.444444	PENDING_ADAPTYV	GSQSGTYDEGQ	GNNDNQQSNYEEYKG	GGYGGEYQEFPAGQAFGN	0.333333	UNVERIFIED: human acid binding, neutral nondetection, mouse binding, affinity, expression/folding
76	076_PolypeptidePlot_Velvet	stage5:T3071500	04bb8183310bfcead9966945abefc3d9abc1ec8754801e7478faf41ddc8cedb2	124	3	Exploratory reserve: coarse pH model and initial geometry only	1.201026	0	0	0.470588	PENDING_ADAPTYV	GSQSGTYDEGQ	GNNDNQQSNYEEYKG	GGYGGEYQEFPAGLAGN	0.333333	UNVERIFIED: human acid binding, neutral nondetection, mouse binding, affinity, expression/folding
77	077_MotifMisdirect_Cipher	stage5:T3071201	f3136c67f7d1896d9af63287ca43a43cb379ca5641667a582b19d31217c12acd	124	3	Exploratory reserve: coarse pH model and initial geometry only	1.201026	0	0	0.529412	PENDING_ADAPTYV	GSQSGTYDEGQ	GNNDNQQSNYEEYKG	GGYGGEYQEFFFGQFGG	0.333333	UNVERIFIED: human acid binding, neutral nondetection, mouse binding, affinity, expression/folding
78	078_ResidueRuse_Cinder	stage5:T3071200	9553162b96d376b0e317deeb3f23ded686e221e985d1c71f433cc36372eb313a	124	3	Exploratory reserve: coarse pH model and initial geometry only	1.201026	0	0	0.529412	PENDING_ADAPTYV	GSQSGTYDEGQ	GNNDNQQSNYEEYKG	GGYGGEYQEFYSGYFGG	0.333333	UNVERIFIED: human acid binding, neutral nondetection, mouse binding, affinity, expression/folding
79	079_SilentLigand_Nightfall	stage5:T3070800	411d0f0ec2c2d437f067225010dea89d4f20d6f2eb8aebc6d1959e54e3c2f163	124	3	Exploratory reserve: coarse pH model and initial geometry only	1.201026	0	0	0.529412	PENDING_ADAPTYV	GSQSGTYDEGQ	GNNDNQQSNYEEYKG	GGYGGEYQEFPYSYFGF	0.333333	UNVERIFIED: human acid binding, neutral nondetection, mouse binding, affinity, expression/folding
80	080_KineticCloak_Onyx	stage5:T3070500	f805cf362af8fbc5dab155ec12f5256e09056a9c6c154ae3262253c9bb05088b	124	3	Exploratory reserve: coarse pH model and initial geometry only	1.201026	0	0	0.411765	PENDING_ADAPTYV	GSQSGTYDEGQ	GNNDNQQSNYEEYKG	GGYGGEYQEFQALANQG	0.333333	UNVERIFIED: human acid binding, neutral nondetection, mouse binding, affinity, expression/folding
81	081_IonCurtain_Cinder	stage5:T3070200	29b30d2743bf2342033c1cc0fb7e89d24cfdf13a4b3f3d1521af415859d31cbf	124	3	Exploratory reserve: coarse pH model and initial geometry only	1.201026	0	0	0.470588	PENDING_ADAPTYV	GSQSGTYDEGQ	GNNDNQQSNYEEYKG	GGYGGEYQEFFGGNYGN	0.333333	UNVERIFIED: human acid binding, neutral nondetection, mouse binding, affinity, expression/folding
82	082_BufferBandit_Nightfall	stage5:T3070100	dc5869df09e3e56078305c950fdbb37ab554906e129cc194dbdc8c79863b9122	124	3	Exploratory reserve: coarse pH model and initial geometry only	1.201026	0	0	0.411765	PENDING_ADAPTYV	GSQSGTYDEGQ	GNNDNQQSNYEEYKG	GGYGGEYQEFTSQIALL	0.333333	UNVERIFIED: human acid binding, neutral nondetection, mouse binding, affinity, expression/folding
83	083_Covertase_Cipher	stage5:T3081201	97ce9794a9e83c63ca9b0f45a08dbaca6304921cf27602637ad27ef09bf21cc0	125	3	Exploratory reserve: coarse pH model and initial geometry only	1.201026	0	0	0.444444	PENDING_ADAPTYV	GSQSGTYDEGQ	GNNDNQQSNYEEYKG	GGYGGEYQEFPQQNSYNG	0.333333	UNVERIFIED: human acid binding, neutral nondetection, mouse binding, affinity, expression/folding
84	084_Covertase_Onyx	stage5:T3081200	1a440c184ab8d39fadd26bb807776025e21f24023e1ab25da63c455c8b04f34b	125	3	Exploratory reserve: coarse pH model and initial geometry only	1.201026	0	0	0.444444	PENDING_ADAPTYV	GSQSGTYDEGQ	GNNDNQQSNYEEYKG	GGYGGEYQEFYSQLPLNG	0.333333	UNVERIFIED: human acid binding, neutral nondetection, mouse binding, affinity, expression/folding
85	085_CovalentCover_Onyx	stage5:T3081101	b393cb1dee0a837c11c8f23d07905ef37fc8f20354ce923804892a2636c5d651	125	3	Exploratory reserve: coarse pH model and initial geometry only	1.201026	0	0	0.444444	PENDING_ADAPTYV	GSQSGTYDEGQ	GNNDNQQSNYEEYKG	GGYGGEYQEFQTLYFFQP	0.333333	UNVERIFIED: human acid binding, neutral nondetection, mouse binding, affinity, expression/folding
86	086_HelixHush_Velvet	stage5:T3080901	159130886ed7868d0af9f01d8990310f2c911895b2a2b8fb90bbee60be37d361	125	3	Exploratory reserve: coarse pH model and initial geometry only	1.201026	0	0	0.500000	PENDING_ADAPTYV	GSQSGTYDEGQ	GNNDNQQSNYEEYKG	GGYGGEYQEFTQFSGQNG	0.333333	UNVERIFIED: human acid binding, neutral nondetection, mouse binding, affinity, expression/folding
87	087_ResidueRuse_Nightfall	stage5:T3080900	0222199c3692459ef28725e87e8c5f009f991e8e81f04d240b33329702ef6ef8	125	3	Exploratory reserve: coarse pH model and initial geometry only	1.201026	0	0	0.444444	PENDING_ADAPTYV	GSQSGTYDEGQ	GNNDNQQSNYEEYKG	GGYGGEYQEFQQTSGYNG	0.333333	UNVERIFIED: human acid binding, neutral nondetection, mouse binding, affinity, expression/folding
88	088_PolypeptidePlot_Onyx	stage5:T3080500	a5c5eee0b17e042d2c42f1e3b19d60ce20ffe7b9c5d541ae9eb115466161c6d7	125	3	Exploratory reserve: coarse pH model and initial geometry only	1.201026	0	0	0.444444	PENDING_ADAPTYV	GSQSGTYDEGQ	GNNDNQQSNYEEYKG	GGYGGEYQEFLNGGQAFF	0.333333	UNVERIFIED: human acid binding, neutral nondetection, mouse binding, affinity, expression/folding
89	089_Stereosecret_Velvet	stage5:T3080400	4dfa83dff03d9bd9601529458909be3d4ec352e22e9f1e13fece155558138ead	125	3	Exploratory reserve: coarse pH model and initial geometry only	1.201026	0	0	0.473684	PENDING_ADAPTYV	GSQSGTYDEGQ	GNNDNQQSNYEEYKG	GGYGGEYQEFFYYNAYGV	0.333333	UNVERIFIED: human acid binding, neutral nondetection, mouse binding, affinity, expression/folding
90	090_IsoelectricAlias_Cinder	stage3:G00106_R00	41dc5a2eb30d172c9ee80da127b4e3af82901b246111d7457136e4c7e0a58afe	121	3	Exploratory reserve: coarse pH model and initial geometry only	0.556244	0	0	0.500000	PENDING_ADAPTYV	DDEERGETDIR	GGYEYGYEGEKYGYG	EGNLQEYGRSFKRY	0.166667	UNVERIFIED: human acid binding, neutral nondetection, mouse binding, affinity, expression/folding
91	091_Stereosecret_Onyx	stage5:T3080300	f246ae5a8f286b0f57ffdb553abf3f48ce7cad24e87170e6efccca964ad22321	125	3	Exploratory reserve: coarse pH model and initial geometry only	1.201026	0	0	0.444444	PENDING_ADAPTYV	GSQSGTYDEGQ	GNNDNQQSNYEEYKG	GGYGGEYQEFQAQANGFL	0.333333	UNVERIFIED: human acid binding, neutral nondetection, mouse binding, affinity, expression/folding
92	092_ResidueRuse_Cipher	stage5:T3080000	d8b0ef3197565dd1e7e4fdc0889673ace56f9e44229cdba1c03433f5bcce0a87	125	3	Exploratory reserve: coarse pH model and initial geometry only	1.201026	0	0	0.444444	PENDING_ADAPTYV	GSQSGTYDEGQ	GNNDNQQSNYEEYKG	GGYGGEYQEFPGNFYQNG	0.333333	UNVERIFIED: human acid binding, neutral nondetection, mouse binding, affinity, expression/folding
93	093_Covertase_Nightfall	stage5:T3071300	ae1108385b5adb5fce4c3e1419af5502ba229d7a1fe1b28b279917d834fb0d57	124	3	Exploratory reserve: coarse pH model and initial geometry only	1.201026	0	0	0.470588	PENDING_ADAPTYV	GSQSGTYDEGQ	GNNDNQQSNYEEYKG	GGYGGEYQEFQQGQYFY	0.333333	UNVERIFIED: human acid binding, neutral nondetection, mouse binding, affinity, expression/folding
94	094_MotifMisdirect_Nightfall	stage5:T3071101	5243bbc31ea1b0a42c9eddbf3a41dc8d31bcfd0868e521b78a2c48c03bf81f00	124	3	Exploratory reserve: coarse pH model and initial geometry only	1.201026	0	0	0.421053	PENDING_ADAPTYV	GSQSGTYDEGQ	GNNDNQQSNYEEYKG	GGYGGEYQEFQATAYYY	0.333333	UNVERIFIED: human acid binding, neutral nondetection, mouse binding, affinity, expression/folding
95	095_Covertase_Cinder	stage5:T3071100	61c226e8a31b5b98e85ad789f941208778fea4bc917d5c1c013a781b53139c42	124	3	Exploratory reserve: coarse pH model and initial geometry only	1.201026	0	0	0.421053	PENDING_ADAPTYV	GSQSGTYDEGQ	GNNDNQQSNYEEYKG	GGYGGEYQEFLAFSYYY	0.333333	UNVERIFIED: human acid binding, neutral nondetection, mouse binding, affinity, expression/folding
96	096_EnzymeEnigma_Cipher	stage5:T3071000	bae7968baa1b50724ebc41addea35a722baf4220178a735a8bf0754aeeb000aa	124	3	Exploratory reserve: coarse pH model and initial geometry only	1.201026	0	0	0.470588	PENDING_ADAPTYV	GSQSGTYDEGQ	GNNDNQQSNYEEYKG	GGYGGEYQEFYSNPNGY	0.333333	UNVERIFIED: human acid binding, neutral nondetection, mouse binding, affinity, expression/folding
97	097_FoldAndDagger_Cinder	stage5:T3070602	a0d2bb3049e3bef25748cc4000a0b98ceaede40f0cc5a4a423bf678385fadf44	124	3	Exploratory reserve: coarse pH model and initial geometry only	1.201026	0	0	0.470588	PENDING_ADAPTYV	GSQSGTYDEGQ	GNNDNQQSNYEEYKG	GGYGGEYQEFQQINYFI	0.333333	UNVERIFIED: human acid binding, neutral nondetection, mouse binding, affinity, expression/folding
98	098_ResidueRuse_Velvet	stage5:T3070601	31056153bb2d1fb381c53a4bfd3b38572a3008653ca78d09acc6c6de84ab81db	124	3	Exploratory reserve: coarse pH model and initial geometry only	1.201026	0	0	0.411765	PENDING_ADAPTYV	GSQSGTYDEGQ	GNNDNQQSNYEEYKG	GGYGGEYQEFQQNNYLI	0.333333	UNVERIFIED: human acid binding, neutral nondetection, mouse binding, affinity, expression/folding
99	099_ChiralCipher_Velvet	stage5:T3070600	0ae71e56e01ba4fdda154a7df30c1a5c7ecb57e28518e4e2a775c95d5a746497	124	3	Exploratory reserve: coarse pH model and initial geometry only	1.201026	0	0	0.470588	PENDING_ADAPTYV	GSQSGTYDEGQ	GNNDNQQSNYEEYKG	GGYGGEYQEFFAILYFI	0.333333	UNVERIFIED: human acid binding, neutral nondetection, mouse binding, affinity, expression/folding
100	100_BufferBandit_Cinder	stage5:T3070300	c0f34c706f57a952c5d8802bf038f74ac64648d82fbed9bc5823e80a92e92223	124	3	Exploratory reserve: coarse pH model and initial geometry only	1.200937	0	0	0.470588	PENDING_ADAPTYV	GSQSGTYDEGQ	GNNDNQQSNYEEYKG	GGYGGEYQEFPSNNYGG	0.333333	UNVERIFIED: human acid binding, neutral nondetection, mouse binding, affinity, expression/folding
