rank	public_name	previous_rank	source_internal_key	new_this_revision	sequence_sha256	length	evidence_tier	evidence_label	conservative_pH_proxy_kcal	human_passing_models	mouse_passing_models	local_CDR3_max_edit_identity	CDR1	CDR2	CDR3	glycan_unweighted_overlap_fraction	promotion_rule_pass	official_novelty_status	experimental_status	source_file	source_sha256
1	001_SilentLigand_Onyx	1	stage6:J00008	False	232fe341a930942fef5cf50efe53e962c7a35efa20fe789cd256e6032cc06d17	125	0	Expanded protonation scope and human/mouse all-atom geometry	0.806516	1	1	0.444444	GSQSGTYDEGQ	GEDDNQQSNYEEYKG	GGYGGEEQEFTGSGQGQY	0.166667		PENDING_ADAPTYV	UNVERIFIED: human acidic binding, neutral-pH nondetection, mouse binding, affinity, folding/expression	/mnt/data/egfr_campaign/stage6/intermediate/designs/J00008.json	5edeab2cbc3011247bf43a15d7a992545dba8a120c23ffdb57a91ddc3052d127
2	002_Stereosecret_Cipher	2	stage6:J00014	False	9c9227dbbdfb034c197a7660ed3303a95fa43a62ce43b85a91169ab6917eded5	125	0	Expanded protonation scope and human/mouse all-atom geometry	0.805922	1	1	0.444444	GSQSGTYDEGQ	GENENQQSNYEEYKG	GGYGGEEQEFTGSGQGQY	0.166667		PENDING_ADAPTYV	UNVERIFIED: human acidic binding, neutral-pH nondetection, mouse binding, affinity, folding/expression	/mnt/data/egfr_campaign/stage6/intermediate/designs/J00014.json	c89cb3ab412592e4b2819970d4252f75a38da772e9f6d8668e32d4e6517c7b1c
3	003_CatalyticCaper_Cinder	3	stage6:J00002	False	0be8f03be6b3ccb21d0a4712632ed52bea42b9343e72bda06e3c711acafda3d1	125	0	Expanded protonation scope and human/mouse all-atom geometry	0.715557	1	1	0.444444	GSQSGTYDEGQ	GEDDNQQSNYEEYKG	GGYGGEYQEFTGSGQGQY	0.277778		PENDING_ADAPTYV	UNVERIFIED: human acidic binding, neutral-pH nondetection, mouse binding, affinity, folding/expression	/mnt/data/egfr_campaign/stage6/intermediate/designs/J00002.json	8705b567c1438cb009401e374fa1e176763b340cc273c41e54ecfb330918d093
4	004_ChiralCipher_Cipher	4	stage6:J00009	False	9ea673ae72c1b95ba3ac3b1cba61c8e0d8220b06526625bf7cd44983ceef025a	125	0	Expanded protonation scope and human/mouse all-atom geometry	0.762799	1	1	0.444444	GSQSGTYDEGQ	GEEDNQQSNYEEYKG	GGYGGEEQEFTGSGQGQY	0.166667		PENDING_ADAPTYV	UNVERIFIED: human acidic binding, neutral-pH nondetection, mouse binding, affinity, folding/expression	/mnt/data/egfr_campaign/stage6/intermediate/designs/J00009.json	d8aba114f28b43fc07cfaa6b87397b5fbb15c2cedeb64abec9cf97569605f890
5	005_PolypeptidePlot_Cinder	5	stage6:J00005	False	04b99f6f7367a121bd7308878e2f7232e48e97c2992215c49995ec64f5587635	125	0	Expanded protonation scope and human/mouse all-atom geometry	0.752924	1	1	0.444444	GSQSGTYDEGQ	GENDNQQSNYEEYKG	GGYGGEEQEFTGSGQGQY	0.166667		PENDING_ADAPTYV	UNVERIFIED: human acidic binding, neutral-pH nondetection, mouse binding, affinity, folding/expression	/mnt/data/egfr_campaign/stage6/intermediate/designs/J00005.json	c20f33c273294660fd9ed49164c2f89fb2ff1935e738df865d1e77b2e50a1e06
6	006_BondVoyage_Nightfall	6	stage5:H00021	False	59ccce2bee9ef2cd583c7de3912a5ea782c1e1fe055ef46e8636e74f46b69855	125	0	Expanded protonation scope and human/mouse all-atom geometry	0.640885	3	2	0.444444	GSQSGTYDEGQ	GNNENQQSNYEEYKG	GGYGGQEQEFTGSGQGQY	0.222222		PENDING_ADAPTYV	UNVERIFIED: human acidic binding, neutral-pH nondetection, mouse binding, affinity, folding/expression	/mnt/data/egfr_campaign/stage5/intermediate/designs/H00021.json	ca6d91f1920d0b6bd6cd61cb7864a13e6438cdc59759d33279e4fec99eeb9d44
7	007_IsoelectricAlias_Nightfall	7	stage6:J00010	False	f252cc476db71024cf0bd388d38b4ae9362c5ba6c3e5f2454503af5108743b7b	125	0	Expanded protonation scope and human/mouse all-atom geometry	0.740205	1	1	0.444444	GSQSGTYDEGQ	GDNDNQQSNYEEYKG	GGYGGEEQEFTGSGQGQY	0.166667		PENDING_ADAPTYV	UNVERIFIED: human acidic binding, neutral-pH nondetection, mouse binding, affinity, folding/expression	/mnt/data/egfr_campaign/stage6/intermediate/designs/J00010.json	aaa0d034464f7894e5196a48f65a8c4221cb43f76138d27ab9a283d9f0f08922
8	008_MotifMisdirect_Cinder	8	stage6:J00006	False	fb2a394930119126491104c9a7cd7c7551be2e5b8d01ebbfb3b11d703485533c	125	0	Expanded protonation scope and human/mouse all-atom geometry	0.725991	1	1	0.444444	GSQSGTYDEGQ	GNDDNQQSNYEEYKG	GGYGGEEQEFTGSGQGQY	0.166667		PENDING_ADAPTYV	UNVERIFIED: human acidic binding, neutral-pH nondetection, mouse binding, affinity, folding/expression	/mnt/data/egfr_campaign/stage6/intermediate/designs/J00006.json	36bc6bc059eeda747118a105f51037097b8e7f3a50ee3edb6a7e32b6e16dd41b
9	009_IsoelectricAlias_Cipher	9	stage6:J00001	False	3c2d55f1a943e9fc245e0a9d9ca6fa0f8bca3fb725bb4d19262d48675a407968	125	0	Expanded protonation scope and human/mouse all-atom geometry	0.610073	1	1	0.444444	GSQSGTYDEGQ	GENDNQQSNYEEYKG	GGYGGEYQEFTGSGQGQY	0.277778		PENDING_ADAPTYV	UNVERIFIED: human acidic binding, neutral-pH nondetection, mouse binding, affinity, folding/expression	/mnt/data/egfr_campaign/stage6/intermediate/designs/J00001.json	16a70d7bc903954fcc50abc4a05de65e279a2c4a515ac6d546de6d8fad12eb50
10	010_SilentLigand_Cinder	10	stage5:N2070600	False	aafd8602cc3d664cfb064c9ac4c1f7b12540f4fe0e73c1e48da318a003098d5c	121	0	Expanded protonation scope and human/mouse all-atom geometry	0.601286	1	1	0.444444	GSQSGTYDEGQ	GNNDNNNFYNQ	GGYGGEYQEFTGSGQGQY	0.166667		PENDING_ADAPTYV	UNVERIFIED: human acidic binding, neutral-pH nondetection, mouse binding, affinity, folding/expression	/mnt/data/egfr_campaign/stage5/intermediate/designs/N2070600.json	f1d0475cbc351f40d8ee281b50ab68e8c93bf4121ae789ef17017744aa21e941
11	011_IsoelectricAlias_Velvet	11	stage5:B00000	False	16890e3d73a0ae228f68f37cda7e81c442c9264415aa22c5d6f4bacc2a5740b7	125	0	Expanded protonation scope and human/mouse all-atom geometry	0.595378	3	3	0.444444	GSQSGTYDEGQ	GNNDNQQSNYEEYKG	GGYGGEYQEFTGSGQGQY	0.333333		PENDING_ADAPTYV	UNVERIFIED: human acidic binding, neutral-pH nondetection, mouse binding, affinity, folding/expression	/mnt/data/egfr_campaign/stage5/intermediate/designs/B00000.json	92f8247b7fe3a2408fc94b7921c21a2d21d413cc561548799275f2910b77d223
12	012_PeptidePhantom_Nightfall	12	stage4:S00048	False	fe680c612e25f23e1831df1ed73d6cef65e2b503b00f5cd616c7f00cbac03dcf	125	1	Human/mouse all-atom geometry; His-only pH model	0.839073	1	1	0.444444	GSQSGTYDEAQ	AENDNQQSNYEEYKG	GGYGGEYQEFTGSAQGQY	0.333333		PENDING_ADAPTYV	UNVERIFIED: human acidic binding, neutral-pH nondetection, mouse binding, affinity, folding/expression	/mnt/data/egfr_campaign/stage4/intermediate/designs/S00048.json	07cc541938f9b94996df63f75ed6f7c462f25dc7f52a149e6b20e4d859dfd758
13	013_SilentLigand_Velvet	13	stage5:H00018	False	f5c5c7ec3d5582abf7d37ab1b1ec060e1ae854a1ae58c7f074b3f4d687101bb6	125	1	Human/mouse all-atom geometry; His-only pH model	0.829008	1	1	0.5	GSQSGTYDEGQ	GNNDNQQSNYEEYKG	GGYGGEYQDFTGSGQGQY	0.333333		PENDING_ADAPTYV	UNVERIFIED: human acidic binding, neutral-pH nondetection, mouse binding, affinity, folding/expression	/mnt/data/egfr_campaign/stage5/intermediate/designs/H00018.json	5a34d56d790d407994941dda4c70912f63588c204b204506a4f0ffac17aa2ffc
14	014_MolarMirage_Cinder	14	stage6:J00020	False	dd2f67f489345292a71caeb258792a073d6c748b0fd4e0959895bc38ebaff70c	125	1	Human/mouse all-atom geometry; His-only pH model	0.850393	1	1	0.444444	GSQSGTYDEGQ	GDEDNQQSNYEEYKG	GGYGGQEQEFTGSGQGQY	0.166667		PENDING_ADAPTYV	UNVERIFIED: human acidic binding, neutral-pH nondetection, mouse binding, affinity, folding/expression	/mnt/data/egfr_campaign/stage6/intermediate/designs/J00020.json	fe122348302b6e64121346bf5312851f4d21f02fab00671056eb4a4c5c9dc1d1
15	015_MolarMirage_Velvet	15	stage6:J00015	False	67c716f413924cea045c0661d5540096118414437e290f49c1a82eb27a10649a	125	1	Human/mouse all-atom geometry; His-only pH model	0.840696	1	1	0.444444	GSQSGTYDEGQ	GENENQQSNYEEYKG	GGYGGQEQEFTGSGQGQY	0.166667		PENDING_ADAPTYV	UNVERIFIED: human acidic binding, neutral-pH nondetection, mouse binding, affinity, folding/expression	/mnt/data/egfr_campaign/stage6/intermediate/designs/J00015.json	242981102af39567dafb21e1e19fc537e9311bd2252219735fc064f638e6bce5
16	016_EnzymeEnigma_Onyx	16	stage6:J00013	False	a61982e29fc197dbc799fe91628fbbe4a1d9b436494b06abdabc3d78412309c1	125	1	Human/mouse all-atom geometry; His-only pH model	0.837733	1	1	0.444444	GSQSGTYDEGQ	GEDDNQQSNYEEYKG	GGYGGQEQEFTGSGQGQY	0.166667		PENDING_ADAPTYV	UNVERIFIED: human acidic binding, neutral-pH nondetection, mouse binding, affinity, folding/expression	/mnt/data/egfr_campaign/stage6/intermediate/designs/J00013.json	5b518737eeaa6e1878b664ee75813cb369acf82625e2c4bbdece9cd37ceb9181
17	017_Covertase_Velvet	17	stage4:S00022	False	04a2ab19ae48718d7b16fffc5d850b2e57b828487cb664f91e331e8d59dccd0a	125	1	Human/mouse all-atom geometry; His-only pH model	0.790852	2	1	0.444444	GSQSGTYDEGQ	GNNDPQQSPYEEYKG	GGYGGEYQEFTGSGQGQY	0.333333		PENDING_ADAPTYV	UNVERIFIED: human acidic binding, neutral-pH nondetection, mouse binding, affinity, folding/expression	/mnt/data/egfr_campaign/stage4/intermediate/designs/S00022.json	ef29317557dc4df9fed23ec5cae74c2d5976e153b882faf5c41afa6dd85c56b0
18	018_AmideAlibi_Nightfall	18	stage5:T3080600	False	386f46ab82e893f8a6dca97d8cea5e910bc7b987d4d5b1574cc70e62278849b4	125	1	Human/mouse all-atom geometry; His-only pH model	0.663196	1	1	0.444444	GSQSGTYDEGQ	GNNDNQQSNYEEYKG	GGYGGEYQEFQYNPPQFY	0.333333		PENDING_ADAPTYV	UNVERIFIED: human acidic binding, neutral-pH nondetection, mouse binding, affinity, folding/expression	/mnt/data/egfr_campaign/stage5/intermediate/designs/T3080600.json	5d34462e98bb44b4a8de9ca997551d8354dff3e033b75ded1d20d9a2e46e0748
19	019_MolarMirage_Cipher	19	stage5:T3070900	False	368b74de437cc9fa5622a8fbdd3a0b4a56dad330d89bf45605f983aac1c5381f	124	1	Human/mouse all-atom geometry; His-only pH model	0.648325	1	1	0.470588	GSQSGTYDEGQ	GNNDNQQSNYEEYKG	GGYGGEYQEFLGYVGFL	0.333333		PENDING_ADAPTYV	UNVERIFIED: human acidic binding, neutral-pH nondetection, mouse binding, affinity, folding/expression	/mnt/data/egfr_campaign/stage5/intermediate/designs/T3070900.json	0e235ed5f4d4e551142e3808b596d63cb8ce96578cf45744f106701c48efca49
20	020_CatalyticCaper_Cipher	20	stage6:J00019	False	e16d147e71d7d679f652c22179d57ef50ee403e08ac7d71c523464177f054e64	125	1	Human/mouse all-atom geometry; His-only pH model	0.745027	1	1	0.444444	GSQSGTYDEGQ	GEEENQQSNYEEYKG	GGYGGQEQEFTGSGQGQY	0.166667		PENDING_ADAPTYV	UNVERIFIED: human acidic binding, neutral-pH nondetection, mouse binding, affinity, folding/expression	/mnt/data/egfr_campaign/stage6/intermediate/designs/J00019.json	5d94b7fdeed12a1ca05207db87709de3e4b371b6bd867558117b546e996c978e
21	SilentCatalyst_Umbra		stage7:M00021	True	30348da26ca802a0d85c36f3b84370390e00548ccf55f622bf310df71034cdaa	125	0	Expanded protonation and both-species geometry	0.7804727137855281	1	1	0.4444444444444444	GSQSGTYDEAQ	AEDDNQQSNYEEYKG	GGYGAEEQEFTGSSQGQY	0.16666666666666666	False	PENDING_ADAPTYV	UNVERIFIED: human acidic binding, neutral-pH nondetection, mouse binding, affinity, folding/expression	/mnt/data/egfr_campaign/stage7/intermediate/designs/M00021.json	884d1bbc4490bb9190580b5b5261841587761417a27cb6ec0dc16b70dcc40465
22	BondVoyage_Cipher		stage7:M00018	True	2d93a7d7c43b15299a4eb6ca9cf7d4a50faa76d2ba63b8bbb3ad6128a11982ca	125	0	Expanded protonation and both-species geometry	0.7620382114617428	1	1	0.4444444444444444	GSQSGTYDEAQ	AEDDNQQSNYEEYKG	GGYGAEEQEFTGSAQGQY	0.16666666666666666	False	PENDING_ADAPTYV	UNVERIFIED: human acidic binding, neutral-pH nondetection, mouse binding, affinity, folding/expression	/mnt/data/egfr_campaign/stage7/intermediate/designs/M00018.json	167028bcf770c3bb45397478029ada1d78fa11cba61a6655bf935f8779a4c8db
23	MolarMirage_Obsidian		stage7:M00003	True	3e95d8d8eaa0da34ffec400ebe90dd783cf1945278dd2cbfd7cacf21d1bd6246	125	1	Narrow histidine analysis and both-species geometry	1.0447373561602333	1	1	0.5	GSQSGTYDEGQ	GEDDNQQSNYEEYKG	GAYGGEEQEFTGSGQGQY	0.16666666666666666	False	PENDING_ADAPTYV	UNVERIFIED: human acidic binding, neutral-pH nondetection, mouse binding, affinity, folding/expression	/mnt/data/egfr_campaign/stage7/intermediate/designs/M00003.json	101e66ea428077d4c4c44393983fb07d5b9511eb43a18ef8a61e2021dbaa200f
24	EnzymeEnigma_Sable		stage7:M00020	True	f19f73f1b50ecec7043ccead128dd3b9ad48be9ad9d9554b22203f37e9551ea1	125	1	Narrow histidine analysis and both-species geometry	1.041248221769301	1	1	0.4444444444444444	GSQSGTYDEAQ	AEDDNQQSNYEEYKG	GAYGAEEQEFTGSAQAQY	0.16666666666666666	False	PENDING_ADAPTYV	UNVERIFIED: human acidic binding, neutral-pH nondetection, mouse binding, affinity, folding/expression	/mnt/data/egfr_campaign/stage7/intermediate/designs/M00020.json	e6010ab3c95112fb1c3d7aef21bdb2acb346b4d807c7a4247204bc3765e4b1c8
25	PeptideParadox_Vesper		stage7:M00014	True	2b74bee7b23e2cda8dec66e6d042637c4c9d0f14a5173787222955c6e519617b	125	1	Narrow histidine analysis and both-species geometry	1.0386440407263322	1	1	0.4444444444444444	GSQSGTYDEGQ	GEDDNQQSNYEEYKG	GAYGAEEQEFTGSAQGQY	0.16666666666666666	False	PENDING_ADAPTYV	UNVERIFIED: human acidic binding, neutral-pH nondetection, mouse binding, affinity, folding/expression	/mnt/data/egfr_campaign/stage7/intermediate/designs/M00014.json	27b8e7e2b825dbcd1d94f90be24a1b915ddfad4a9e949d694ffd6fb9cf439c57
26	AmideAlibi_Kestrel		stage7:M00008	True	9cf363c77c22e935fc6fdcc879fe3275ab1871fe6c43cdaa0cf1b0288819d971	125	1	Narrow histidine analysis and both-species geometry	1.0385206577582196	1	1	0.4444444444444444	GSQSGTYDEGQ	GEDDNQQSNYEEYKG	GSYGGEEQEFTGSGQGQY	0.16666666666666666	False	PENDING_ADAPTYV	UNVERIFIED: human acidic binding, neutral-pH nondetection, mouse binding, affinity, folding/expression	/mnt/data/egfr_campaign/stage7/intermediate/designs/M00008.json	45f2a4e481d63af928c3dbb1fc2f1ceb69647b5c5001cd3c2b5874f3c9c3ef9f
27	ChiralCover_Rook		stage7:M00019	True	6a52ed651de155795c70994c7e2f0f6c5af45dba2c6d8e118f1d4585f9c7e9d1	125	1	Narrow histidine analysis and both-species geometry	1.038156545505295	1	1	0.4444444444444444	GSQSGTYDEAQ	AEDDNQQSNYEEYKG	GAYGAEEQEFTGSAQGQY	0.16666666666666666	False	PENDING_ADAPTYV	UNVERIFIED: human acidic binding, neutral-pH nondetection, mouse binding, affinity, folding/expression	/mnt/data/egfr_campaign/stage7/intermediate/designs/M00019.json	d95324190afc4f401045ae41811fe1163aad1c0d3dd8474d16e6e3bbf48130c5
28	CatalyticCaper_Quartz		stage7:M00015	True	afc1e790bdf86a30c0b69464b6ecd0b03023bd21d0574900eff57dfde20d159d	125	1	Narrow histidine analysis and both-species geometry	1.0139547256712618	1	1	0.4444444444444444	GSQSGTYDEAQ	AEDDNQQSNYEEYKG	GGYGGEEQEFTGSAQGQY	0.16666666666666666	False	PENDING_ADAPTYV	UNVERIFIED: human acidic binding, neutral-pH nondetection, mouse binding, affinity, folding/expression	/mnt/data/egfr_campaign/stage7/intermediate/designs/M00015.json	f159623a4d60c29b7ac3531df5a88e631d60a1e1347e7844d3df4baa00530faa
29	IsoelectricInk_Aster		stage7:M00022	True	510d3ba1dfecde0e30f7e0b593f6e88aed5e67c92ca0718fe72be2d911f9b3ee	125	1	Narrow histidine analysis and both-species geometry	1.0123754109029335	1	1	0.4444444444444444	GSQSGTYDEAQ	AEDDNQQSNYEEYKG	GGYGAEEQEFTGSAQSQY	0.16666666666666666	False	PENDING_ADAPTYV	UNVERIFIED: human acidic binding, neutral-pH nondetection, mouse binding, affinity, folding/expression	/mnt/data/egfr_campaign/stage7/intermediate/designs/M00022.json	ef3e2ced5160ca642a4b9e04828212cefa3f7b93c331e5a1083bf3c8481907d4
30	021_CovalentCover_Cinder	21	stage5:H00007	False	f331cff5c8c151c30dff0e701802ced5bcfdbe48f89a0f8ee94a38dfeb22967d	125	1	Human/mouse all-atom geometry; His-only pH model	0.64455	1	1	0.444444	GSQSGTYDEGQ	GENENQQSNYEEYKG	GGYGGQYQEFTGSGQGQY	0.333333		PENDING_ADAPTYV	UNVERIFIED: human acidic binding, neutral-pH nondetection, mouse binding, affinity, folding/expression	/mnt/data/egfr_campaign/stage5/intermediate/designs/H00007.json	0be849770b56e541658dfceeabcb42e44f78ea7d0f3727c564a870a3f6f6a7e3
31	022_EnzymeEnigma_Cinder	22	stage6:J00011	False	19d90c9c7e2f6e67e2f1a7d3af903412ed73ff69d6adefa2535a901d2a939da0	125	1	Human/mouse all-atom geometry; His-only pH model	0.731498	1	1	0.444444	GSQSGTYDEGQ	GENDNQQSNYEEYKG	GGYGGQEQEFTGSGQGQY	0.166667		PENDING_ADAPTYV	UNVERIFIED: human acidic binding, neutral-pH nondetection, mouse binding, affinity, folding/expression	/mnt/data/egfr_campaign/stage6/intermediate/designs/J00011.json	3fc02a93f2fae7b61e6b004260dc88e87aa8a0c0549df62e2d355376a7fa809b
32	023_AmideAlibi_Cipher	23	stage5:H00016	False	6c375d90cf36feb8e68c7fbbdba6244c10b95786b9895f3595f47e158dcb8e0a	125	1	Human/mouse all-atom geometry; His-only pH model	0.589251	1	1	0.444444	GSQSGTYDEGQ	GNNENQQSNYEEYKG	GGYGGQYEEFTGSGQGQY	0.333333		PENDING_ADAPTYV	UNVERIFIED: human acidic binding, neutral-pH nondetection, mouse binding, affinity, folding/expression	/mnt/data/egfr_campaign/stage5/intermediate/designs/H00016.json	dc86bcba73088bb4fff116290bac2380cbffacc64e00d2bb84bf077241e444e9
33	024_IonCurtain_Nightfall	24	stage5:N2070802	False	8c6b3716442415be21de27a31eadee294729b936acd9386dbf649b858addda66	121	1	Human/mouse all-atom geometry; His-only pH model	0.652224	1	1	0.444444	GSQSGTYDEGQ	GNNDNQLNQFF	GGYGGEYQEFTGSGQGQY	0.111111		PENDING_ADAPTYV	UNVERIFIED: human acidic binding, neutral-pH nondetection, mouse binding, affinity, folding/expression	/mnt/data/egfr_campaign/stage5/intermediate/designs/N2070802.json	fee79f5bc5aa32583de552e4ab657d0f1954e5d2dcbe7962eb206e38d183e870
34	025_MotifMisdirect_Velvet	25	stage6:K00007	False	08f22e16b940a8b8300f088b49171bc8f8cf4ada9b0e4a7e435760d22fbd143d	125	1	Human/mouse all-atom geometry; His-only pH model	0.305257	1	1	0.444444	NKDYSGEQGGN	TNDYQGYQYSGDYKG	GYFGGEYRKDEGEGEGQY	0.111111		PENDING_ADAPTYV	UNVERIFIED: human acidic binding, neutral-pH nondetection, mouse binding, affinity, folding/expression	/mnt/data/egfr_campaign/stage6/intermediate/designs/K00007.json	1a4de0365a5033b3b545a327336ba8cb4fee5913da6e59fe9682f8ede1e2b8eb
35	026_IonCurtain_Cipher	26	stage4:S00062	False	119dfe43d9cdf8d37e22b7dbfcfe7268e011fd871113f3b501649c17a612038a	125	2	Human all-atom pH/geometry; mouse geometric prefilter only	0.492754	1	0	0.444444	GSQSGTYDEGQ	GNNDNQQSNYEEYKG	GGYGGEYQEHTGSGQGQY	0.333333		PENDING_ADAPTYV	UNVERIFIED: human acidic binding, neutral-pH nondetection, mouse binding, affinity, folding/expression	/mnt/data/egfr_campaign/stage4/intermediate/designs/S00062.json	c13ce6150cd34feb21c002334c75b3163a7e3222dd7b55c36c5791fa98d9fdfe
36	027_CatalyticCaper_Nightfall	27	stage5:N3060700	False	a741ff4080f01323a25f53084fd39ed8980dab081e014251463f3ed46c968a72	119	2	Human all-atom pH/geometry; mouse geometric prefilter only	0.250153	1	0	0.538462	GSQSGTYDEGQ	GNNDNQQSNYEEYKG	GGYGGEPTNSQY	0.222222		PENDING_ADAPTYV	UNVERIFIED: human acidic binding, neutral-pH nondetection, mouse binding, affinity, folding/expression	/mnt/data/egfr_campaign/stage5/intermediate/designs/N3060700.json	bd232955f25a30687ac03bb2d25c8ac49a77b7f160897f0087cbf70e50a709bd
37	028_Stereosecret_Nightfall	28	stage5:R3060700	False	d95f9920fde6d5fc3fa7ad452a9f8ff6e9eca8c533f5173c47a2f953e9233b8a	119	2	Human all-atom pH/geometry; mouse geometric prefilter only	0.088573	1	0	0.428571	GSQSGTYDEGQ	GNNDNQQSNYEEYKG	GGYGGEKPKEKK	0.222222		PENDING_ADAPTYV	UNVERIFIED: human acidic binding, neutral-pH nondetection, mouse binding, affinity, folding/expression	/mnt/data/egfr_campaign/stage5/intermediate/designs/R3060700.json	8b6c3e89c479f6bbd85272ac446e6ee92e7a5cd97f2590461de201744827041a
38	029_MolarMirage_Onyx	29	stage3:G00181_C05	False	00f24551febce1899242a0b478329d9905f3b20d287dfb8a5cd5cc45b797667f	125	3	Exploratory reserve: coarse pH model and initial geometry only	1.192708	0	0	0.5	NTRYTGYEGGN	TNDYQGYQYSGDYKG	GYFGGEYRKDEGEGEGDY	0.111111		PENDING_ADAPTYV	UNVERIFIED: human acidic binding, neutral-pH nondetection, mouse binding, affinity, folding/expression	/mnt/data/egfr_campaign/stage3/intermediate/designs/G00181_C05.json	8bbde41c536e42b6ecf39db6df62561551e7f8a2b55c539e0b1250ce2640aac2
39	030_PolypeptidePlot_Cipher	30	stage3:G00161_R03	False	c9c54ef6a2c0fe7db72aff782f8cd5cb02ccfc8e0d2c32d6ef6c6c2f88d54cb4	123	3	Exploratory reserve: coarse pH model and initial geometry only	1.123352	0	0	0.5	FVYQYGYEEIG	GDKEEGRSGYYEGKG	TGGNNGWDTYSEFYNN	0.0		PENDING_ADAPTYV	UNVERIFIED: human acidic binding, neutral-pH nondetection, mouse binding, affinity, folding/expression	/mnt/data/egfr_campaign/stage3/intermediate/designs/G00161_R03.json	2699a9af3db8bcd79822f0a108a7179992c1a73d3bc9f5214b1a414e9a99312e
40	031_AmideAlibi_Velvet	31	stage3:G00067_C00	False	5961b6df36f05273791e1a29c895556d05060e5b558cf9ac3238adc62bbe8f24	125	3	Exploratory reserve: coarse pH model and initial geometry only	1.114093	0	0	0.444444	KTEYEGDLYRN	GDTEQYQSDNYEYDK	TTGERGGGREFEGGDGRK	0.111111		PENDING_ADAPTYV	UNVERIFIED: human acidic binding, neutral-pH nondetection, mouse binding, affinity, folding/expression	/mnt/data/egfr_campaign/stage3/intermediate/designs/G00067_C00.json	3e9fcb2edd3c5d3da746110cda45febba12b7d883ba346d553089b032d328b17
41	032_FoldAndDagger_Velvet	32	stage3:G00161_R07	False	216b81528c735df452476f3a3dead3bf19903d486d88cebbafe1e8c2be408a9a	123	3	Exploratory reserve: coarse pH model and initial geometry only	1.115547	0	0	0.470588	NVYYTGEQEIG	GTYETGREGEKYGKG	TGGWNGIDTYSDFKNQ	0.0		PENDING_ADAPTYV	UNVERIFIED: human acidic binding, neutral-pH nondetection, mouse binding, affinity, folding/expression	/mnt/data/egfr_campaign/stage3/intermediate/designs/G00161_R07.json	f8cfce4b898d20751f8d7b4edf2990fab6eaa0a82c0e12667da9f10a1d7b2e93
42	033_KineticCloak_Velvet	33	stage3:G00277_C03	False	ef5367a5b690d44e1097328122308e432c11eed52d6829b3ee903b36b03fe45e	127	3	Exploratory reserve: coarse pH model and initial geometry only	1.054676	0	0	0.5	GGQYGQDYTYGYE	GFQFTDQGQSGQERD	GGYGGNEKFYEGYGDGQY	0.055556		PENDING_ADAPTYV	UNVERIFIED: human acidic binding, neutral-pH nondetection, mouse binding, affinity, folding/expression	/mnt/data/egfr_campaign/stage3/intermediate/designs/G00277_C03.json	381f2f4a44c80f1a5bf897f09f2c05d310fbeb0aa06fedd976183e1b52aa5abf
43	034_IonCurtain_Onyx	34	stage3:G00161_R01	False	c3e45596457c61e971a927368688727a8db095224f0b74796e344a16f013edfd	123	3	Exploratory reserve: coarse pH model and initial geometry only	1.062937	0	0	0.4375	NDRYTGDTYRG	GDDEYGRSGYDYGKG	TGGWNGIYEENYEKNQ	0.0		PENDING_ADAPTYV	UNVERIFIED: human acidic binding, neutral-pH nondetection, mouse binding, affinity, folding/expression	/mnt/data/egfr_campaign/stage3/intermediate/designs/G00161_R01.json	2d8e31757b3df17b8212c734bd22b4807c7d2b2fb14cc53437673ee388592883
44	035_HelixHush_Cinder	35	stage3:G00161_R02	False	bfc74acf067648ba03a2cf0a46339fe6640f748352815436e13a23e29ae97fe8	123	3	Exploratory reserve: coarse pH model and initial geometry only	1.055983	0	0	0.4375	FTQYYGDTYEG	GDYEYGREGYKEGKG	TGGWNGWYTESDEKNQ	0.0		PENDING_ADAPTYV	UNVERIFIED: human acidic binding, neutral-pH nondetection, mouse binding, affinity, folding/expression	/mnt/data/egfr_campaign/stage3/intermediate/designs/G00161_R02.json	a87e06109e7c93a0bb28afffa78e964315d63d7c5535c51b78e677d90f61e7df
45	036_AmideAlibi_Onyx	36	stage3:G00277_C01	False	357d4a8c3f4b20d6cacba17a1ad303c3e9272ba3b1bfe9c74d1f6807376f3719	127	3	Exploratory reserve: coarse pH model and initial geometry only	1.03547	0	0	0.444444	GGTYGEKYYEGYE	GQQYLDTGTTGQERD	GGTGGNYKWYTGDGDNEW	0.0		PENDING_ADAPTYV	UNVERIFIED: human acidic binding, neutral-pH nondetection, mouse binding, affinity, folding/expression	/mnt/data/egfr_campaign/stage3/intermediate/designs/G00277_C01.json	f862559c1ce4f169b0f9f6da13674a139f0af33918f51a742261cd6ab7fb0ae9
46	037_BondVoyage_Velvet	37	stage3:G00047_R06	False	479feeac3cb4d3999cee23e6c7e23c95c00a5dcb324e91dd3d2e391f706c21c1	121	3	Exploratory reserve: coarse pH model and initial geometry only	1.016407	0	0	0.5	FTQYYGEERRN	QDEGYRDYYDQGRDD	TGVKDQGSDGLGGQ	0.111111		PENDING_ADAPTYV	UNVERIFIED: human acidic binding, neutral-pH nondetection, mouse binding, affinity, folding/expression	/mnt/data/egfr_campaign/stage3/intermediate/designs/G00047_R06.json	c78883926a1b1ff918d20c4a03130cf008968c54c88b159dbc8a8abf7e624309
47	038_BondVoyage_Cipher	38	stage3:G00067_R00	False	e083b4b9c4984e67b53227c2332142d442a88c364efb3ec5e20b5faa91adfc4b	125	3	Exploratory reserve: coarse pH model and initial geometry only	1.022812	0	0	0.444444	NTEYTGELYEN	GYDRQKETDNYKEDK	TTGSFAGGTQFEGGDGRY	0.111111		PENDING_ADAPTYV	UNVERIFIED: human acidic binding, neutral-pH nondetection, mouse binding, affinity, folding/expression	/mnt/data/egfr_campaign/stage3/intermediate/designs/G00067_R00.json	a8c0a9188c69790af13d307978510474fbd03ff001b3d71c9bab05497807e54f
48	039_PeptidePhantom_Velvet	39	stage3:G00277_C05	False	b209167d5097e598e99d5380096081b86b6db73693a2ad3a4d3eeed89805ec50	127	3	Exploratory reserve: coarse pH model and initial geometry only	1.016455	0	0	0.5	GGNYGQDYYQGYE	GQQYLDTGTTGQERD	GGTGGNYRYYEGYGDNEW	0.0		PENDING_ADAPTYV	UNVERIFIED: human acidic binding, neutral-pH nondetection, mouse binding, affinity, folding/expression	/mnt/data/egfr_campaign/stage3/intermediate/designs/G00277_C05.json	9f0612c979c16d0e4e6b897b1154724c1333f0512a6c9c87ebabcfc1cc199487
49	040_CovalentCover_Cipher	40	stage3:G00161_C00	False	b7e03de0eb859768b34e9d8004e775f9c8b73ad5cdfc6706d9107560d551e1ec	123	3	Exploratory reserve: coarse pH model and initial geometry only	1.02806	0	0	0.470588	NDRYTGDTYIG	GDYETGYEGYKEGKG	TGGWNGIDTYSDNYNQ	0.0		PENDING_ADAPTYV	UNVERIFIED: human acidic binding, neutral-pH nondetection, mouse binding, affinity, folding/expression	/mnt/data/egfr_campaign/stage3/intermediate/designs/G00161_C00.json	e2a98df601e8527a4e852ecaf22ddef49acdf7f403a153e83eaef3aad6c167fa
50	041_FoldAndDagger_Cipher	41	stage3:G00161_C01	False	a7704a394d5401ea2e11297f92e9d4ec9500998556e698f8bb157233bce6f671	123	3	Exploratory reserve: coarse pH model and initial geometry only	1.015486	0	0	0.45	NTRYTGYTDIG	GTYETGYSGYYEGKG	TGGQNGWYELQYEWND	0.0		PENDING_ADAPTYV	UNVERIFIED: human acidic binding, neutral-pH nondetection, mouse binding, affinity, folding/expression	/mnt/data/egfr_campaign/stage3/intermediate/designs/G00161_C01.json	44ddd62302594c71079709662a487b8eba4244542808253a8e006d835c97d3de
51	042_FoldAndDagger_Onyx	42	stage3:G00168_C00	False	ad6d71736ab9b944cf35fd07418d9c0768a09d5b10d650374060ffddee9b05c0	123	3	Exploratory reserve: coarse pH model and initial geometry only	0.955866	0	0	0.5	GSQEGTDQYGK	NQDSGYQDSSEQQ	GGEGGGYKYNNGEGYQQE	0.388889		PENDING_ADAPTYV	UNVERIFIED: human acidic binding, neutral-pH nondetection, mouse binding, affinity, folding/expression	/mnt/data/egfr_campaign/stage3/intermediate/designs/G00168_C00.json	bae00c9da0b6e5732893a339233bfaedbbfb50a6018b19ec6006de8a91aa60c3
52	043_KineticCloak_Cipher	43	stage3:G00277_C02	False	4001dc5df193217ff7831dbf08208c08c3c4963976167a56bf224b533da275f7	127	3	Exploratory reserve: coarse pH model and initial geometry only	0.985538	0	0	0.444444	GGQYGEKYQEGYE	GDQYTQTGYQGQEDK	GGTGGNYRRYEGEGDNEK	0.111111		PENDING_ADAPTYV	UNVERIFIED: human acidic binding, neutral-pH nondetection, mouse binding, affinity, folding/expression	/mnt/data/egfr_campaign/stage3/intermediate/designs/G00277_C02.json	010c05080d738bbe46690983db9a929ec90e117e3aeef34dcaf56920035ffb70
53	044_ChiralCipher_Onyx	44	stage3:C00022	False	967a7f88ecddee74f011e30a82a11609c771326958b4b83b84924a2152ecb259	125	3	Exploratory reserve: coarse pH model and initial geometry only	1.211319	0	0	0.444444	GSQSGTYDEGQ	GENDNQQSNYEEYKG	GGYGGEYNEFTGSGQGQY	0.277778		PENDING_ADAPTYV	UNVERIFIED: human acidic binding, neutral-pH nondetection, mouse binding, affinity, folding/expression	/mnt/data/egfr_campaign/stage3/intermediate/designs/C00022.json	554900d3520a2d5e27ca7e5f49e8dcf0e9cb7ee1ffe17268be1404f648cb3afc
54	045_IonCurtain_Velvet	45	stage5:H00015	False	10c603daeaf0d3f468bb5bd0239b019a57f411c9eff779abce4db5eddab27186	125	3	Exploratory reserve: coarse pH model and initial geometry only	1.209271	0	0	0.444444	GSQSGTYDEGQ	GNNENQQSNYEEYKG	GGYGGEYEEFTGSGQGQY	0.333333		PENDING_ADAPTYV	UNVERIFIED: human acidic binding, neutral-pH nondetection, mouse binding, affinity, folding/expression	/mnt/data/egfr_campaign/stage5/intermediate/designs/H00015.json	00a788acf740fc48a568f75ab5850c92b9731d9463ea59044e98491447cfd0c8
55	046_HelixHush_Onyx	46	stage4:S00056	False	aa6b54c983b12a33195f5629002b9dbce6e7678b5645042d3c555626ebb66528	125	3	Exploratory reserve: coarse pH model and initial geometry only	1.209123	0	0	0.45	GSQSGTYDEGQ	AENDNQQSNYEEYKG	GAYGAEYQEFTGSAQGQY	0.333333		PENDING_ADAPTYV	UNVERIFIED: human acidic binding, neutral-pH nondetection, mouse binding, affinity, folding/expression	/mnt/data/egfr_campaign/stage4/intermediate/designs/S00056.json	e9fa1b22e7aa00c17a6e718b014e29947771b253482930f1f463a748086487cd
56	047_EnzymeEnigma_Velvet	47	stage3:G00067_R02	False	25bf7285c0355a581e33f7c0e8fb39087cd64bafb2c91b410935acc78559f343	125	3	Exploratory reserve: coarse pH model and initial geometry only	0.933577	0	0	0.444444	FTEYYGYLYEN	GYTRDKYDDRDLSDK	TTGEFAGGTEFQGGDGRQ	0.111111		PENDING_ADAPTYV	UNVERIFIED: human acidic binding, neutral-pH nondetection, mouse binding, affinity, folding/expression	/mnt/data/egfr_campaign/stage3/intermediate/designs/G00067_R02.json	072d56b96a6b3125a8949cfc7985f27ef0905bb2aab3d369217fdf9fb955faa7
57	048_CovalentCover_Nightfall	48	stage3:G00047_R01	False	976bead569c7faa48e547aaa80b9a1cf512079072850ec02fedb091b7a3343f8	121	3	Exploratory reserve: coarse pH model and initial geometry only	0.923046	0	0	0.5	NTYYDGYTDDN	NYNGRDNYYKSGTDE	TGVKDQGDDGRGGQ	0.055556		PENDING_ADAPTYV	UNVERIFIED: human acidic binding, neutral-pH nondetection, mouse binding, affinity, folding/expression	/mnt/data/egfr_campaign/stage3/intermediate/designs/G00047_R01.json	ed694517e79e5df7df111789f7fd0426294251d13f5a4d3534f3ab2b85286a97
58	049_Stereosecret_Cinder	49	stage4:S00046	False	dade577e9aff89b0de56d772610d5ca785f0774e739c55d52b967002fb188681	125	3	Exploratory reserve: coarse pH model and initial geometry only	1.209123	0	0	0.444444	GSQSGTYDEGQ	GENDNQQSNYEEYKG	GGYGGEYQEFTGSGQAQY	0.333333		PENDING_ADAPTYV	UNVERIFIED: human acidic binding, neutral-pH nondetection, mouse binding, affinity, folding/expression	/mnt/data/egfr_campaign/stage4/intermediate/designs/S00046.json	8ca2369bc3725bdd6548ddf0da8c40d4dbfe96b887a10aeabfe2b7684be9a2b9
59	050_BufferBandit_Velvet	50	stage4:S00044	False	c4b86fea649888e4b3f41eabd2919356ec533561508429367bba2ac11e9ab6df	125	3	Exploratory reserve: coarse pH model and initial geometry only	1.209123	0	0	0.444444	GSQSGTYDEGQ	GENDNQQSNYEEYKG	GGYGAEYQEFTGSGQGQY	0.333333		PENDING_ADAPTYV	UNVERIFIED: human acidic binding, neutral-pH nondetection, mouse binding, affinity, folding/expression	/mnt/data/egfr_campaign/stage4/intermediate/designs/S00044.json	3ad906a0d9f2b28605f03d7736259743052c8cc6cb1e874a81abc9b62c494d4d
60	051_HelixHush_Nightfall	51	stage3:G00181_C03	False	1beac1032fe2ad420ae4f2f271e7e853f67b0700791fef38eb229a3caca1fa8f	125	3	Exploratory reserve: coarse pH model and initial geometry only	0.913161	0	0	0.444444	FKDYYGETGGN	ENKDQGYQYSGDYKG	GEQGGEYREDTGEGYGQK	0.0		PENDING_ADAPTYV	UNVERIFIED: human acidic binding, neutral-pH nondetection, mouse binding, affinity, folding/expression	/mnt/data/egfr_campaign/stage3/intermediate/designs/G00181_C03.json	cf92633c2cddb89eecadd7c719ca8d02bc064bfbe2a7f7eb8895e66ef0f3454e
61	052_MolarMirage_Nightfall	52	stage4:S00043	False	d5a3b74a9159f5f4546a1c220d8c54c444dd2a247d62e2038433878af56636d0	125	3	Exploratory reserve: coarse pH model and initial geometry only	1.209123	0	0	0.5	GSQSGTYDEGQ	GENDNQQSNYEEYKG	GAYGGEYQEFTGSGQGQY	0.333333		PENDING_ADAPTYV	UNVERIFIED: human acidic binding, neutral-pH nondetection, mouse binding, affinity, folding/expression	/mnt/data/egfr_campaign/stage4/intermediate/designs/S00043.json	cad5a4664de652b19c4a56f53fead379459faed53be9a18d4259999de5ec0fb0
62	053_PeptidePhantom_Cipher	53	stage3:C00021	False	91e1cbd2074c0cc4d829d8531a8acfc7eaa2ef5103ccdf6de681502af6641d18	125	3	Exploratory reserve: coarse pH model and initial geometry only	1.205517	0	0	0.444444	GSQSGTYDEGQ	GNNDNQQSNYEEYKG	GGYGGEYYEFTGSGQGQY	0.277778		PENDING_ADAPTYV	UNVERIFIED: human acidic binding, neutral-pH nondetection, mouse binding, affinity, folding/expression	/mnt/data/egfr_campaign/stage3/intermediate/designs/C00021.json	ab3c69059965bca95844622be1d36aa168151c198eadc651b36c64d59188e34f
63	054_KineticCloak_Nightfall	54	stage3:C00006	False	647074bebce2f32fbd8c425c0f918ec8f53d026915aefeac9bd47d32705785ac	125	3	Exploratory reserve: coarse pH model and initial geometry only	1.205517	0	0	0.5	GSQSGTYDEGQ	GNNDNQQSNYEEYKG	GGYGGEYSEFTGSGQGQY	0.277778		PENDING_ADAPTYV	UNVERIFIED: human acidic binding, neutral-pH nondetection, mouse binding, affinity, folding/expression	/mnt/data/egfr_campaign/stage3/intermediate/designs/C00006.json	1befb16fd4928e8010aba134e402d93c834af921a2f625ef3a9690de6ecb6fb7
64	055_EnzymeEnigma_Nightfall	55	stage3:G00161_R00	False	623d27a63e869c28104465d188bc0d4b3e1a6e2823ceea70db418920b15227bc	123	3	Exploratory reserve: coarse pH model and initial geometry only	0.924238	0	0	0.5	NKEYTGDTYIG	GYDDYGREGEKTGYG	TGGWNGYDDYSQFYGQ	0.0		PENDING_ADAPTYV	UNVERIFIED: human acidic binding, neutral-pH nondetection, mouse binding, affinity, folding/expression	/mnt/data/egfr_campaign/stage3/intermediate/designs/G00161_R00.json	1abc3191a835ad4d0ccad69e175fb11be0790be277555a1664afa27242234133
65	056_ChiralCipher_Cinder	56	stage5:H00010	False	6a76b69b08e4d4d08c8d14baa28dee493636e79e3586e9531cee22d39b7c0cd5	125	3	Exploratory reserve: coarse pH model and initial geometry only	1.205162	0	0	0.444444	GSQSGTYDEGQ	GNNDNQQSNYEEYKG	GGYGGEDQEFTGSGQGQY	0.222222		PENDING_ADAPTYV	UNVERIFIED: human acidic binding, neutral-pH nondetection, mouse binding, affinity, folding/expression	/mnt/data/egfr_campaign/stage5/intermediate/designs/H00010.json	d1986484d32c8ac11f4a0ea2a795c7f56df159f5e408f889bc0e0a95ea4c9e82
66	057_KineticCloak_Cinder	57	stage5:H00012	False	8b2a778def1d87658ec7c02feaf8f4b5fe228ab881398a7fe6107b391db61a4e	125	3	Exploratory reserve: coarse pH model and initial geometry only	1.204428	0	0	0.444444	GSQSGTYDEGQ	GNNDNQQSNYEEYKG	GGYGGEYDEFTGSGQGQY	0.333333		PENDING_ADAPTYV	UNVERIFIED: human acidic binding, neutral-pH nondetection, mouse binding, affinity, folding/expression	/mnt/data/egfr_campaign/stage5/intermediate/designs/H00012.json	ae3ed9628579ac19d958cbcb0efbce2b973a208f444e39884e72b600fd2056d9
67	058_ResidueRuse_Onyx	58	stage3:C00004	False	6bcf9ed4535e5f4c468d9bbd5ac270adb667a47df32fcb48a092227ca24d6570	125	3	Exploratory reserve: coarse pH model and initial geometry only	1.201979	0	0	0.444444	GSQSGTYDEGS	GNNDNQQSNYEEYKG	GGYGGEYKEFTGSGQGQY	0.277778		PENDING_ADAPTYV	UNVERIFIED: human acidic binding, neutral-pH nondetection, mouse binding, affinity, folding/expression	/mnt/data/egfr_campaign/stage3/intermediate/designs/C00004.json	ce73eb22dcd78e0bbafedb74cb58a784cc0e8795e89dc84505cca73fb0339187
68	059_CatalyticCaper_Velvet	59	stage3:G00067_R03	False	d2f2a464599ad86ad5984f100fe54a2b3f2e1801c8b689a9e7ebb89fb89c6591	125	3	Exploratory reserve: coarse pH model and initial geometry only	0.859751	0	0	0.444444	FTEYYGYEYEN	GYRDQKETDNYEYDR	TAGDFAGGREFEGGTGRK	0.166667		PENDING_ADAPTYV	UNVERIFIED: human acidic binding, neutral-pH nondetection, mouse binding, affinity, folding/expression	/mnt/data/egfr_campaign/stage3/intermediate/designs/G00067_R03.json	a2b39152ccca3190d4cb19b8bf2a1b9abc9d3bc8311536606bc0076cb65449dc
69	060_HelixHush_Cipher	60	stage3:G00117_C00	False	8353d030b5e38ca3d52fca75ae31a3b1097eba71a2b70159b5764792e992e117	125	3	Exploratory reserve: coarse pH model and initial geometry only	1.201267	0	0	0.444444	GSNSGYYNEGQ	GNNDNQQYSYEEYKG	GGYGGEYKQFEGYGDNQY	0.166667		PENDING_ADAPTYV	UNVERIFIED: human acidic binding, neutral-pH nondetection, mouse binding, affinity, folding/expression	/mnt/data/egfr_campaign/stage3/intermediate/designs/G00117_C00.json	08f66a815a4318e6250b690ca2a696acba01b4b7673f6ac415f05ddd04cc79e1
70	061_PeptidePhantom_Cinder	61	stage5:T3081501	False	5861a0de2ed70128054bcf065053801d34160134df2882da21e30adbebf56e7a	125	3	Exploratory reserve: coarse pH model and initial geometry only	1.201026	0	0	0.444444	GSQSGTYDEGQ	GNNDNQQSNYEEYKG	GGYGGEYQEFPALNSISF	0.333333		PENDING_ADAPTYV	UNVERIFIED: human acidic binding, neutral-pH nondetection, mouse binding, affinity, folding/expression	/mnt/data/egfr_campaign/stage5/intermediate/designs/T3081501.json	15e60c84bd153cb352fcc298a529bbcb2f3e73f5c7b69c1373e8b747ef54bf1e
71	062_CatalyticCaper_Onyx	62	stage5:T3081500	False	7af43861e73a185260cf4d03a2ab4268ce374ff943d6987c302e8b8994ef2fe3	125	3	Exploratory reserve: coarse pH model and initial geometry only	1.201026	0	0	0.444444	GSQSGTYDEGQ	GNNDNQQSNYEEYKG	GGYGGEYQEFPALSFISF	0.333333		PENDING_ADAPTYV	UNVERIFIED: human acidic binding, neutral-pH nondetection, mouse binding, affinity, folding/expression	/mnt/data/egfr_campaign/stage5/intermediate/designs/T3081500.json	7009f5a1bb9b33695c4312494f62eecc221709d9433d5f218c5ee9a4583c5e63
72	063_CovalentCover_Velvet	63	stage5:T3081402	False	7c927b745ac423b34d0202c4c2e3ecf71f998311f8964e748bb1297fa7b91e39	125	3	Exploratory reserve: coarse pH model and initial geometry only	1.201026	0	0	0.444444	GSQSGTYDEGQ	GNNDNQQSNYEEYKG	GGYGGEYQEFQTSASYPL	0.333333		PENDING_ADAPTYV	UNVERIFIED: human acidic binding, neutral-pH nondetection, mouse binding, affinity, folding/expression	/mnt/data/egfr_campaign/stage5/intermediate/designs/T3081402.json	3b512b3055007a696a6005ecf6d3b9d4086f7d3826a730cec7efee1df953e115
73	064_BufferBandit_Cipher	64	stage5:T3081401	False	234e36c06feb18d5a5e7007062953a02d2e7a0a2e2707a48cd43fb0da0e40160	125	3	Exploratory reserve: coarse pH model and initial geometry only	1.201026	0	0	0.388889	GSQSGTYDEGQ	GNNDNQQSNYEEYKG	GGYGGEYQEFQQTAFYPL	0.333333		PENDING_ADAPTYV	UNVERIFIED: human acidic binding, neutral-pH nondetection, mouse binding, affinity, folding/expression	/mnt/data/egfr_campaign/stage5/intermediate/designs/T3081401.json	91fb73777a5142579f8c53269467d3338210c2ee95027c252dd84252ada50fd0
74	065_IsoelectricAlias_Onyx	65	stage5:T3081400	False	bed959704c487a48a3e613487d94470ca4806043d5ace75b9cac3c68d379314c	125	3	Exploratory reserve: coarse pH model and initial geometry only	1.201026	0	0	0.444444	GSQSGTYDEGQ	GNNDNQQSNYEEYKG	GGYGGEYQEFQQSANYPL	0.333333		PENDING_ADAPTYV	UNVERIFIED: human acidic binding, neutral-pH nondetection, mouse binding, affinity, folding/expression	/mnt/data/egfr_campaign/stage5/intermediate/designs/T3081400.json	b7e539f787cddb70f19fa49bcbbc02c45e572e8e2be7a8ffbb86540d637ae37c
75	066_FoldAndDagger_Nightfall	66	stage5:T3081300	False	e34914204d1410cebfb234e64b6d29d10a2cf153d7adeb1be00a53129f89ffb6	125	3	Exploratory reserve: coarse pH model and initial geometry only	1.201026	0	0	0.444444	GSQSGTYDEGQ	GNNDNQQSNYEEYKG	GGYGGEYQEFLAFAIQQF	0.333333		PENDING_ADAPTYV	UNVERIFIED: human acidic binding, neutral-pH nondetection, mouse binding, affinity, folding/expression	/mnt/data/egfr_campaign/stage5/intermediate/designs/T3081300.json	d0e2daaf63cefc11945d7af2c82b203c2aa10eba3e60850d93a1db3a166e92e9
76	067_MotifMisdirect_Onyx	67	stage5:T3081100	False	821b85de9aa022e66a4c4de236d95a0f1d3c259b46ac6a0997b2a4d67a3254dc	125	3	Exploratory reserve: coarse pH model and initial geometry only	1.201026	0	0	0.444444	GSQSGTYDEGQ	GNNDNQQSNYEEYKG	GGYGGEYQEFFPIAFFQP	0.333333		PENDING_ADAPTYV	UNVERIFIED: human acidic binding, neutral-pH nondetection, mouse binding, affinity, folding/expression	/mnt/data/egfr_campaign/stage5/intermediate/designs/T3081100.json	7255a0ccb5ea590ac1ca836043ee6690ca5a06292ac0d9efb8dce8c1c3aae335
77	068_BondVoyage_Cinder	68	stage5:T3081002	False	28a10d961d666ae84eb4f541b431eb28cebf2a79c1ecf5650a93efe2d98f57ff	125	3	Exploratory reserve: coarse pH model and initial geometry only	1.201026	0	0	0.5	GSQSGTYDEGQ	GNNDNQQSNYEEYKG	GGYGGEYQEFLAFSFGFY	0.333333		PENDING_ADAPTYV	UNVERIFIED: human acidic binding, neutral-pH nondetection, mouse binding, affinity, folding/expression	/mnt/data/egfr_campaign/stage5/intermediate/designs/T3081002.json	213a17e12c11c3afce5f0269689b765ced983bc6532a5635a45866528f7add0f
78	069_PeptidePhantom_Onyx	69	stage3:G00181_C04	False	c5f13f35966064fce7ffc0637f59a9b30085dabc3ee92561f342601b73319ddc	125	3	Exploratory reserve: coarse pH model and initial geometry only	0.764734	0	0	0.555556	NTRYSGEQGGN	ENREQGYQYEGSYKG	GYTGGEYREYEGEGQGDY	0.111111		PENDING_ADAPTYV	UNVERIFIED: human acidic binding, neutral-pH nondetection, mouse binding, affinity, folding/expression	/mnt/data/egfr_campaign/stage3/intermediate/designs/G00181_C04.json	aa59d97e2ab3221e15d094287d76ebc3a1cfe431dd747536f4ca404937b5ba62
79	070_PolypeptidePlot_Nightfall	70	stage5:T3081000	False	a42f78277854d02015afee74389d67e3cbfa206b0fb522b8d32ee6489a443219	125	3	Exploratory reserve: coarse pH model and initial geometry only	1.201026	0	0	0.5	GSQSGTYDEGQ	GNNDNQQSNYEEYKG	GGYGGEYQEFIAFSFGFY	0.333333		PENDING_ADAPTYV	UNVERIFIED: human acidic binding, neutral-pH nondetection, mouse binding, affinity, folding/expression	/mnt/data/egfr_campaign/stage5/intermediate/designs/T3081000.json	e95ca8da6cbcbbd52dde74294eff5884d9f7c873a0ebe34c9fed2a8480b7ab57
80	071_BondVoyage_Onyx	71	stage5:T3080602	False	57e3132e6fd3fba056c9a22d95297c55818301322b145791dcbbb2bc4ec2632f	125	3	Exploratory reserve: coarse pH model and initial geometry only	1.201026	0	0	0.444444	GSQSGTYDEGQ	GNNDNQQSNYEEYKG	GGYGGEYQEFQTNSLQFY	0.333333		PENDING_ADAPTYV	UNVERIFIED: human acidic binding, neutral-pH nondetection, mouse binding, affinity, folding/expression	/mnt/data/egfr_campaign/stage5/intermediate/designs/T3080602.json	f348d1bf321b1be715e9ac7fc2e1e3c1a8ba4c0d178a33d710e58a06bf9afa7f
81	072_SilentLigand_Cipher	72	stage3:G00106_R04	False	a0d495e57cf8beef045e609a6da8e8297052a6cb8fa42663036534aebfdc0fc6	121	3	Exploratory reserve: coarse pH model and initial geometry only	0.718901	0	0	0.5	QTEESGETYIY	GGDERGYSGYYDGKG	EDNTQTYGYSFRRG	0.166667		PENDING_ADAPTYV	UNVERIFIED: human acidic binding, neutral-pH nondetection, mouse binding, affinity, folding/expression	/mnt/data/egfr_campaign/stage3/intermediate/designs/G00106_R04.json	f21eb50500bc51439435b4268a4eb6fa9fe0c3af96a067039af13fd673312e24
82	073_BufferBandit_Onyx	73	stage5:T3080501	False	7b3ed00bb5cbe0a25b07b16e708abf112e9eddc76466eec23fd7c90fd9c4fe55	125	3	Exploratory reserve: coarse pH model and initial geometry only	1.201026	0	0	0.45	GSQSGTYDEGQ	GNNDNQQSNYEEYKG	GGYGGEYQEFLSGGYAFF	0.333333		PENDING_ADAPTYV	UNVERIFIED: human acidic binding, neutral-pH nondetection, mouse binding, affinity, folding/expression	/mnt/data/egfr_campaign/stage5/intermediate/designs/T3080501.json	2f7ea63283711841fe9f709886db8a2e3649b8c112c54658078fb5aad24881c7
83	074_ChiralCipher_Nightfall	74	stage5:T3080200	False	37b2d27c954aa66ec8e156a6828a33311106c3843941dc1a83258a6670f087bf	125	3	Exploratory reserve: coarse pH model and initial geometry only	1.201026	0	0	0.444444	GSQSGTYDEGQ	GNNDNQQSNYEEYKG	GGYGGEYQEFPAGLAYQN	0.333333		PENDING_ADAPTYV	UNVERIFIED: human acidic binding, neutral-pH nondetection, mouse binding, affinity, folding/expression	/mnt/data/egfr_campaign/stage5/intermediate/designs/T3080200.json	02c33ba92bc8d4689dd55d4117723ae1aa59a119213687b6712be19cbff8d670
84	075_AmideAlibi_Cinder	75	stage5:T3080100	False	a4106f14f3ac4620bea2855410ba81633031bceef0b0901162a1d7c8f5545771	125	3	Exploratory reserve: coarse pH model and initial geometry only	1.201026	0	0	0.444444	GSQSGTYDEGQ	GNNDNQQSNYEEYKG	GGYGGEYQEFPAGQAFGN	0.333333		PENDING_ADAPTYV	UNVERIFIED: human acidic binding, neutral-pH nondetection, mouse binding, affinity, folding/expression	/mnt/data/egfr_campaign/stage5/intermediate/designs/T3080100.json	bd0d8971373f6785b22e91c32d72e14037d2287498850922207ae3b06b4d9539
85	076_PolypeptidePlot_Velvet	76	stage5:T3071500	False	04bb8183310bfcead9966945abefc3d9abc1ec8754801e7478faf41ddc8cedb2	124	3	Exploratory reserve: coarse pH model and initial geometry only	1.201026	0	0	0.470588	GSQSGTYDEGQ	GNNDNQQSNYEEYKG	GGYGGEYQEFPAGLAGN	0.333333		PENDING_ADAPTYV	UNVERIFIED: human acidic binding, neutral-pH nondetection, mouse binding, affinity, folding/expression	/mnt/data/egfr_campaign/stage5/intermediate/designs/T3071500.json	cbc6db51ab3c76049a34545896cad832eba416ca2d211cf5d90af86afc43a1f0
86	077_MotifMisdirect_Cipher	77	stage5:T3071201	False	f3136c67f7d1896d9af63287ca43a43cb379ca5641667a582b19d31217c12acd	124	3	Exploratory reserve: coarse pH model and initial geometry only	1.201026	0	0	0.529412	GSQSGTYDEGQ	GNNDNQQSNYEEYKG	GGYGGEYQEFFFGQFGG	0.333333		PENDING_ADAPTYV	UNVERIFIED: human acidic binding, neutral-pH nondetection, mouse binding, affinity, folding/expression	/mnt/data/egfr_campaign/stage5/intermediate/designs/T3071201.json	53de82f1b4ea3104742daa3cd3262311c24b8b767e2cbfd351d9cbc5c2620ad0
87	078_ResidueRuse_Cinder	78	stage5:T3071200	False	9553162b96d376b0e317deeb3f23ded686e221e985d1c71f433cc36372eb313a	124	3	Exploratory reserve: coarse pH model and initial geometry only	1.201026	0	0	0.529412	GSQSGTYDEGQ	GNNDNQQSNYEEYKG	GGYGGEYQEFYSGYFGG	0.333333		PENDING_ADAPTYV	UNVERIFIED: human acidic binding, neutral-pH nondetection, mouse binding, affinity, folding/expression	/mnt/data/egfr_campaign/stage5/intermediate/designs/T3071200.json	a9612cd6b3e7bdc32211f7444b3539f9d0d55a49e101e471c701031c1b4402fa
88	079_SilentLigand_Nightfall	79	stage5:T3070800	False	411d0f0ec2c2d437f067225010dea89d4f20d6f2eb8aebc6d1959e54e3c2f163	124	3	Exploratory reserve: coarse pH model and initial geometry only	1.201026	0	0	0.529412	GSQSGTYDEGQ	GNNDNQQSNYEEYKG	GGYGGEYQEFPYSYFGF	0.333333		PENDING_ADAPTYV	UNVERIFIED: human acidic binding, neutral-pH nondetection, mouse binding, affinity, folding/expression	/mnt/data/egfr_campaign/stage5/intermediate/designs/T3070800.json	1da4ff2b53a38ab5883f0d85544bcb210255a8c32fded368cc8c6429725061e2
89	080_KineticCloak_Onyx	80	stage5:T3070500	False	f805cf362af8fbc5dab155ec12f5256e09056a9c6c154ae3262253c9bb05088b	124	3	Exploratory reserve: coarse pH model and initial geometry only	1.201026	0	0	0.411765	GSQSGTYDEGQ	GNNDNQQSNYEEYKG	GGYGGEYQEFQALANQG	0.333333		PENDING_ADAPTYV	UNVERIFIED: human acidic binding, neutral-pH nondetection, mouse binding, affinity, folding/expression	/mnt/data/egfr_campaign/stage5/intermediate/designs/T3070500.json	7d496b5bb582bedd8d2721ede32ed173300668724e0768beb5996a5a15741581
90	081_IonCurtain_Cinder	81	stage5:T3070200	False	29b30d2743bf2342033c1cc0fb7e89d24cfdf13a4b3f3d1521af415859d31cbf	124	3	Exploratory reserve: coarse pH model and initial geometry only	1.201026	0	0	0.470588	GSQSGTYDEGQ	GNNDNQQSNYEEYKG	GGYGGEYQEFFGGNYGN	0.333333		PENDING_ADAPTYV	UNVERIFIED: human acidic binding, neutral-pH nondetection, mouse binding, affinity, folding/expression	/mnt/data/egfr_campaign/stage5/intermediate/designs/T3070200.json	25766a68d56797f8c43a8c75d5444b24c86642bd901ae0e29448c103a31382f8
91	082_BufferBandit_Nightfall	82	stage5:T3070100	False	dc5869df09e3e56078305c950fdbb37ab554906e129cc194dbdc8c79863b9122	124	3	Exploratory reserve: coarse pH model and initial geometry only	1.201026	0	0	0.411765	GSQSGTYDEGQ	GNNDNQQSNYEEYKG	GGYGGEYQEFTSQIALL	0.333333		PENDING_ADAPTYV	UNVERIFIED: human acidic binding, neutral-pH nondetection, mouse binding, affinity, folding/expression	/mnt/data/egfr_campaign/stage5/intermediate/designs/T3070100.json	2eeb70ac0320d6fd20438e580f1325d49fbbbd9b7b41169452ec1620c98fdf93
92	083_Covertase_Cipher	83	stage5:T3081201	False	97ce9794a9e83c63ca9b0f45a08dbaca6304921cf27602637ad27ef09bf21cc0	125	3	Exploratory reserve: coarse pH model and initial geometry only	1.201026	0	0	0.444444	GSQSGTYDEGQ	GNNDNQQSNYEEYKG	GGYGGEYQEFPQQNSYNG	0.333333		PENDING_ADAPTYV	UNVERIFIED: human acidic binding, neutral-pH nondetection, mouse binding, affinity, folding/expression	/mnt/data/egfr_campaign/stage5/intermediate/designs/T3081201.json	b19e35eec627927b83b8347080665db7e3255a97184ff40de05b80c9bf5b418e
93	084_Covertase_Onyx	84	stage5:T3081200	False	1a440c184ab8d39fadd26bb807776025e21f24023e1ab25da63c455c8b04f34b	125	3	Exploratory reserve: coarse pH model and initial geometry only	1.201026	0	0	0.444444	GSQSGTYDEGQ	GNNDNQQSNYEEYKG	GGYGGEYQEFYSQLPLNG	0.333333		PENDING_ADAPTYV	UNVERIFIED: human acidic binding, neutral-pH nondetection, mouse binding, affinity, folding/expression	/mnt/data/egfr_campaign/stage5/intermediate/designs/T3081200.json	a0019ce91c82b9748fc0bee7b21d75bb3f721430e8c25900c40cfd9b2b3e37ee
94	085_CovalentCover_Onyx	85	stage5:T3081101	False	b393cb1dee0a837c11c8f23d07905ef37fc8f20354ce923804892a2636c5d651	125	3	Exploratory reserve: coarse pH model and initial geometry only	1.201026	0	0	0.444444	GSQSGTYDEGQ	GNNDNQQSNYEEYKG	GGYGGEYQEFQTLYFFQP	0.333333		PENDING_ADAPTYV	UNVERIFIED: human acidic binding, neutral-pH nondetection, mouse binding, affinity, folding/expression	/mnt/data/egfr_campaign/stage5/intermediate/designs/T3081101.json	8dcfb3b513cf703c36b2d23e8812a8675781c7ad3d0b93757e283bfeda1d0231
95	086_HelixHush_Velvet	86	stage5:T3080901	False	159130886ed7868d0af9f01d8990310f2c911895b2a2b8fb90bbee60be37d361	125	3	Exploratory reserve: coarse pH model and initial geometry only	1.201026	0	0	0.5	GSQSGTYDEGQ	GNNDNQQSNYEEYKG	GGYGGEYQEFTQFSGQNG	0.333333		PENDING_ADAPTYV	UNVERIFIED: human acidic binding, neutral-pH nondetection, mouse binding, affinity, folding/expression	/mnt/data/egfr_campaign/stage5/intermediate/designs/T3080901.json	c8102605939c298830935d20a40e7009224d1fbb2635d8b457a2c483a5876d18
96	087_ResidueRuse_Nightfall	87	stage5:T3080900	False	0222199c3692459ef28725e87e8c5f009f991e8e81f04d240b33329702ef6ef8	125	3	Exploratory reserve: coarse pH model and initial geometry only	1.201026	0	0	0.444444	GSQSGTYDEGQ	GNNDNQQSNYEEYKG	GGYGGEYQEFQQTSGYNG	0.333333		PENDING_ADAPTYV	UNVERIFIED: human acidic binding, neutral-pH nondetection, mouse binding, affinity, folding/expression	/mnt/data/egfr_campaign/stage5/intermediate/designs/T3080900.json	48f9438b2a1f2ef86432351bab9484e31645a6aeb146fab3c1736f02472a6750
97	088_PolypeptidePlot_Onyx	88	stage5:T3080500	False	a5c5eee0b17e042d2c42f1e3b19d60ce20ffe7b9c5d541ae9eb115466161c6d7	125	3	Exploratory reserve: coarse pH model and initial geometry only	1.201026	0	0	0.444444	GSQSGTYDEGQ	GNNDNQQSNYEEYKG	GGYGGEYQEFLNGGQAFF	0.333333		PENDING_ADAPTYV	UNVERIFIED: human acidic binding, neutral-pH nondetection, mouse binding, affinity, folding/expression	/mnt/data/egfr_campaign/stage5/intermediate/designs/T3080500.json	b79918fea07e99b5a6dd6876884629c54b6ed38b6995edd55a02daa7c8425479
98	089_Stereosecret_Velvet	89	stage5:T3080400	False	4dfa83dff03d9bd9601529458909be3d4ec352e22e9f1e13fece155558138ead	125	3	Exploratory reserve: coarse pH model and initial geometry only	1.201026	0	0	0.473684	GSQSGTYDEGQ	GNNDNQQSNYEEYKG	GGYGGEYQEFFYYNAYGV	0.333333		PENDING_ADAPTYV	UNVERIFIED: human acidic binding, neutral-pH nondetection, mouse binding, affinity, folding/expression	/mnt/data/egfr_campaign/stage5/intermediate/designs/T3080400.json	9eeda440e3d9851eaebb94c51102bc1a998ab0d4497dfd8997bdeb06e0ebc41e
99	090_IsoelectricAlias_Cinder	90	stage3:G00106_R00	False	41dc5a2eb30d172c9ee80da127b4e3af82901b246111d7457136e4c7e0a58afe	121	3	Exploratory reserve: coarse pH model and initial geometry only	0.556244	0	0	0.5	DDEERGETDIR	GGYEYGYEGEKYGYG	EGNLQEYGRSFKRY	0.166667		PENDING_ADAPTYV	UNVERIFIED: human acidic binding, neutral-pH nondetection, mouse binding, affinity, folding/expression	/mnt/data/egfr_campaign/stage3/intermediate/designs/G00106_R00.json	6099ef91f2f2c4b74592fc3ad83c6be3017e7629f950dee836317a4320252aba
100	091_Stereosecret_Onyx	91	stage5:T3080300	False	f246ae5a8f286b0f57ffdb553abf3f48ce7cad24e87170e6efccca964ad22321	125	3	Exploratory reserve: coarse pH model and initial geometry only	1.201026	0	0	0.444444	GSQSGTYDEGQ	GNNDNQQSNYEEYKG	GGYGGEYQEFQAQANGFL	0.333333		PENDING_ADAPTYV	UNVERIFIED: human acidic binding, neutral-pH nondetection, mouse binding, affinity, folding/expression	/mnt/data/egfr_campaign/stage5/intermediate/designs/T3080300.json	4337a93cd2412706e90665f4d55398f4957588ffad685b1b2450d5863d041446
